ab-36861,The Snoozer on Bear Mountain ,House,Private room,7/2/10,8-2-18,Canada,55.75462532,-120.2348793,British Columbia,Dawson Creek,,,,CAD,,,0,0,,0,,,,1,3,5,10/4/12,,FALSE,,Moderate policy –  Free cancellation within 48 hours,,,,,,,383,1149,387,,,30,0,9,TRUE,,36861,159074,https://www.airbnb.com/rooms/36861,https://a0.muscache.com/im/pictures/208585/595d94f5_original.jpg?aki_policy=x_large,,,,
ab-15435078,Simplicity,Other,Private room,10/8/16,11-14-16,Canada,55.76587158,-120.2433305,British Columbia,Dawson Creek,,,,CAD,,,0,0,,0,,,,1,1.5,2,11/6/16,71,FALSE,,Strict,,,27,35,27,35,62,968,242,Anytime after 2PM,9AM,3,2,6,TRUE,5,15435078,45690477,https://www.airbnb.com/rooms/15435078,https://a2.muscache.com/im/pictures/288c2127-a3ae-40b7-8ee5-6e793e71934a.jpg,,,,
ab-16194041,4 Bedroom Executive Duplex,House,Entire home/apt,11/29/16,5-24-19,Canada,55.77872,-120.25341,British Columbia,Dawson Creek,,,,CAD,178.6,233.74,12859,16829,0.61,11,72,46,93,4,2.5,8,4/15/19,100,FALSE,,Moderate - Free cancellation for 48 hours,187,250,56,75,,,213,5019,1255,3PM - 10PM,,3,11,8,TRUE,4.9,16194041,65622115,https://www.airbnb.com/rooms/16194041,https://a0.muscache.com/im/pictures/5a4e0cf0-8e09-4f07-9098-9e1a911cb83c.jpg?aki_policy=x_large,,,,
ab-10636604,Room w/Ensuite Brand New Townhouse,Townhouse,Private room,1/15/16,5-25-19,Canada,56.26133,-120.85058,British Columbia,Fort St. John,,,,CAD,,,0,0,,0,,,,1,1,2,3/29/19,100,FALSE,,Flexible - Free cancellation for 48 hours,,,,,8,10,30,1061,265,8AM - 10PM,12PM (noon),5,10,12,TRUE,4.5,10636604,41835281,https://www.airbnb.com/rooms/10636604,https://a0.muscache.com/im/pictures/61df44ce-1c88-43a2-986f-5c62e2e7b51e.jpg?aki_policy=x_large,,,,
ab-10653252,Suite in the Peace,Guest suite,Private room,1/16/16,5-23-19,Canada,55.76878,-120.24546,British Columbia,Dawson Creek,,,,CAD,63.29,82.66,10000,13061,0.935,14,158,11,106,0,1,2,4/14/19,100,FALSE,,Flexible - Free cancellation for 48 hours,,,22,30,,,82,750,337,2PM - 10PM,12PM (noon),2,20,5,TRUE,4.8,10653252,17655873,https://www.airbnb.com/rooms/10653252,https://a0.muscache.com/im/pictures/beb62f13-26e9-402f-98e2-208592a77be1.jpg?aki_policy=x_large,,,,
ab-16202402,Basement Suite with private entrance,House,Private room,11/29/16,6-5-18,Canada,56.25808661,-120.8360575,British Columbia,Fort St. John,,,,CAD,48,60,864,1080,0.4,3,18,27,17,1,1,1,5/7/18,100,TRUE,,Flexible,,,,,,,47,1336,334,Flexible,,2,0,5,TRUE,,16202402,6746241,https://www.airbnb.com/rooms/16202402,https://a0.muscache.com/im/pictures/545f4b9c-1938-4f0c-9a97-0dc6eaca4d13.jpg?aki_policy=x_large,,,,
ab-17000792,Double bed,Private room in house,Private room,1/28/17,3-19-18,Canada,56.24396682,-120.8179258,British Columbia,Fort St. John,,,,CAD,,,0,0,,0,,,,1,1,1,2/21/18,60,FALSE,,flexible,,,,,,,32,870,217,Flexible,12AM (midnight),5,3,1,TRUE,5,17000792,73219384,https://www.airbnb.com/rooms/17000792,https://a0.muscache.com/im/pictures/2b804a7c-d280-486e-b201-acad0f8e4bc3.jpg?aki_policy=x_large,,,,
ab-14820526,Beautifully furnished 1 Bedroom suite,Townhouse,Entire home/apt,8/29/16,4-14-19,Canada,56.25147,-120.86419,British Columbia,Fort St. John,,,,CAD,48.1,63.8,6638,8804,0.573,17,138,103,0,1,1,1,4/1/19,100,FALSE,,Flexible - Free cancellation for 48 hours,,,,,,,45,1261,315,Flexible,12PM (noon),5,14,5,TRUE,4.8,14820526,64659381,https://www.airbnb.com/rooms/14820526,https://a0.muscache.com/im/pictures/75ed42ad-0256-411e-936d-cdd2f2720b91.jpg?aki_policy=x_large,,,,
ab-11555116,"Bright, comfy home in Matthews Park",House,Entire home/apt,2/26/16,5-23-19,Canada,56.23288,-120.82614,British Columbia,Fort St. John,,,,CAD,100.72,130.51,13697,17749,0.636,28,136,78,92,4,1.5,8,5/15/19,100,FALSE,,Moderate - Free cancellation for 48 hours,,,37,50,19,25,126,2500,625,After 11AM,11AM,2,52,6,TRUE,4.8,11555116,61016289,https://www.airbnb.com/rooms/11555116,https://a0.muscache.com/im/pictures/0c7ac95d-af7b-421a-952e-242f3bfe3a22.jpg?aki_policy=x_large,,,,
ab-19250750,Single bed in 2 bedroom house.,House,Private room,6/10/17,11-29-17,Canada,55.76584316,-120.2270739,British Columbia,Dawson Creek,,,,CAD,,,0,0,,0,,,,1,1,1,11/18/17,100,FALSE,,flexible,,,,,,,32,902,225,,,1,0,4,TRUE,,19250750,1192054,https://www.airbnb.com/rooms/19250750,https://a0.muscache.com/im/pictures/c3a6a0f3-3549-4a2e-8396-0bd1ac9f8b0c.jpg?aki_policy=x_large,,,,
ab-11199913,Comfy Rooms,House,Private room,2/9/16,10-18-16,Canada,55.75239768,-120.2470966,British Columbia,Dawson Creek,,,,CAD,,,0,0,,0,,,,1,1,1,10/2/16,71,FALSE,,Moderate,,,24,30,16,20,59,990,247,12PM (noon) - 5PM,11AM,2,2,5,TRUE,4.5,11199913,45690477,https://www.airbnb.com/rooms/11199913,https://a2.muscache.com/im/pictures/4395d6f3-9aea-433c-a71b-30a35be965c8.jpg,,,,
ab-18672696,Beautiful 3 bedroom and 2.5 bathroom duplex,Townhouse,Entire home/apt,5/9/17,5-20-19,Canada,56.25106,-120.86298,British Columbia,Fort St. John,,,,CAD,72.85,96.78,3934,5226,0.355,7,54,98,1,3,2.5,3,5/18/19,100,FALSE,,Flexible - Free cancellation for 48 hours,149,200,,,,,66,1859,465,After 3PM,,5,2,7,TRUE,5,18672696,64659381,https://www.airbnb.com/rooms/18672696,https://a0.muscache.com/im/pictures/ed39a41d-a51b-4b5a-96fc-64b34ac87b6e.jpg?aki_policy=x_large,,,,
ab-4041274,"""Your Home Away From Home""",House,Private room,9/2/14,5-24-19,Canada,55.77391,-120.25873,British Columbia,Dawson Creek,,,,CAD,72.01,95,7201,9500,0.472,11,100,112,0,1,1,2,10/29/18,100,FALSE,,Flexible - Free cancellation for 48 hours,,,,,15,20,72,2653,637,,11AM,3,17,3,TRUE,5,4041274,9407289,https://www.airbnb.com/rooms/4041274,https://a0.muscache.com/im/pictures/8f260975-d7ba-44f9-a150-96968c6acc35.jpg?aki_policy=x_large,,,,
ab-18690695,Your home away from home,House,Private room,5/10/17,1-26-19,Canada,56.23930098,-120.8176582,British Columbia,Fort St. John,,,,CAD,36.09,47.82,794,1052,0.512,5,22,21,16,1,1,2,6/15/17,100,FALSE,,Flexible - Free cancellation for 48 hours,,,8,10,8,10,41,1267,317,Flexible,12PM (noon),1,2,7,TRUE,5,18690695,120268378,https://www.airbnb.com/rooms/18690695,https://a0.muscache.com/im/pictures/8df616c2-7a5a-4b2d-a129-9e46c826dce9.jpg?aki_policy=x_large,,,,
ab-17078571,Tiny Home cute and quaint,House,Entire home/apt,2/1/17,7-26-17,Canada,56.23738844,-120.8076743,British Columbia,Fort St. John,,,,CAD,,,0,0,,0,,,,1,1,3,3/1/17,0,FALSE,,strict,412,500,58,70,,,115,1614,404,Flexible,12AM (midnight),7,1,5,TRUE,5,17078571,38253777,https://www.airbnb.com/rooms/17078571,https://a0.muscache.com/im/pictures/6a344b2e-9e7a-4986-af38-1af6183983c2.jpg?aki_policy=x_large,,,,
ab-19295398,The Master Bedroom,House,Private room,6/12/17,6-20-17,Canada,55.75587045,-120.25939,British Columbia,Dawson Creek,,,,CAD,,,0,0,,0,,,,1,1,2,6/15/17,,FALSE,,flexible,,,,,,,48,1633,408,3PM - 11PM,12PM (noon),1,0,10,TRUE,,19295398,130805497,https://www.airbnb.com/rooms/19295398,https://a0.muscache.com/im/pictures/40735b21-3dc8-471a-91c6-08f020d6c8b6.jpg?aki_policy=x_large,,,,
ab-12875596,3 Bedroom Home,House,Entire home/apt,5/5/16,5-24-19,Canada,55.74601,-120.245,British Columbia,Dawson Creek,,,,CAD,83.3,111.88,5248,7048,0.656,12,63,33,27,3,1,5,4/13/19,100,FALSE,,Flexible - Free cancellation for 48 hours,,,62,83,10,14,133,1127,319,,,4,14,8,TRUE,4.8,12875596,14039747,https://www.airbnb.com/rooms/12875596,https://a0.muscache.com/im/pictures/ede5b72c-c9ab-41f6-8d87-7be9c70c6a3f.jpg?aki_policy=x_large,,,,
ab-12889121,Great Bedroom in New Home,House,Private room,5/6/16,5-24-19,Canada,56.23528,-120.81199,British Columbia,Fort St. John,,,,CAD,,,0,0,,0,,,,1,1,2,6/17/16,100,FALSE,,Flexible - Free cancellation for 48 hours,,,,,,,63,1777,444,,,1,1,2,TRUE,5,12889121,60759473,https://www.airbnb.com/rooms/12889121,https://a0.muscache.com/im/pictures/c555cf7a-74ff-4566-840b-de76223680dc.jpg?aki_policy=x_large,,,,
ab-7746685,Beautiful home on the edge of town,House,Entire home/apt,8/3/15,5-24-19,Canada,56.25769,-120.85882,British Columbia,Fort St. John,,,,CAD,,,0,0,,0,,,,3,3,7,8/26/15,,FALSE,,Moderate - Free cancellation for 48 hours,149,200,37,50,19,25,205,2389,1120,,,1,0,16,TRUE,,7746685,19591285,https://www.airbnb.com/rooms/7746685,https://a0.muscache.com/im/pictures/99111993/8ced6464_original.jpg?aki_policy=x_large,,,,
ab-18735183,Large private room for a quick stay in FSJ,Townhouse,Private room,5/12/17,8-16-17,Canada,56.24885536,-120.8653731,British Columbia,Fort St. John,,,,CAD,,,0,0,,0,,,,1,1,2,7/2/17,100,FALSE,,flexible,,,,,,,33,918,230,Anytime after 3PM,,1,4,4,TRUE,5,18735183,34073170,https://www.airbnb.com/rooms/18735183,https://a0.muscache.com/im/pictures/5d6acea1-8189-4097-9473-3172840cba8a.jpg?aki_policy=x_large,,,,
ab-18737890,Home away from home.,House,Private room,5/13/17,3-1-19,Canada,55.76793,-120.23699,British Columbia,Dawson Creek,,,,CAD,43.7,56.67,2753,3570,0.404,6,63,93,28,1,2.5,1,2/1/19,100,FALSE,,Strict - Free cancellation for 48 hours,151,200,19,25,19,25,60,1163,291,After 5PM,,5,6,4,TRUE,5,18737890,104149516,https://www.airbnb.com/rooms/18737890,https://a0.muscache.com/im/pictures/2a4d003b-f663-4b74-842f-1b0cd2a1e8a6.jpg?aki_policy=x_large,,,,
ab-5782930,4 bdrm trailer in Scenic Mountains,Bungalow,Entire home/apt,3/25/15,2-16-17,Canada,55.12761304,-121.0106825,British Columbia,Tumbler Ridge,,,,CAD,,,0,0,,0,,,,4,1,5,12/5/16,100,FALSE,,Flexible,,,40,50,,,87,751,278,,,2,1,7,TRUE,,5782930,6228706,https://www.airbnb.com/rooms/5782930,https://a0.muscache.com/im/pictures/71988763/9b83c2da_original.jpg,,,,
ab-12925669,"Shared living space, room for 1",Apartment,Shared room,5/8/16,12-2-16,Canada,55.75165226,-120.241714,British Columbia,Dawson Creek,,,,CAD,,,0,0,,0,,,,1,1,1,,0,FALSE,,Flexible,,,,,,,38,1065,266,,,1,0,3,TRUE,,12925669,70928368,https://www.airbnb.com/rooms/12925669,https://a2.muscache.com/im/pictures/04de1db6-e150-4ca9-91aa-0bdce0bc13ce.jpg,,,,
ab-20554386,Quaint Trailer,House,Private room,10/28/17,10-28-17,Canada,56.23836668,-120.8142511,British Columbia,Fort St. John,,,,,,,0,0,,0,,,,2,1,4,10/27/17,,FALSE,,flexible,,,,,,,32,1345,336,Flexible,,5,0,12,TRUE,,20554386,146788996,https://www.airbnb.com/rooms/20554386,https://a0.muscache.com/im/pictures/a63db8c9-a961-4e26-ab9d-4847cb3031cb.jpg?aki_policy=x_large,,,,
ab-20624456,Lexington Manor - 1 Bed Townhome (3),Townhouse,Entire home/apt,8/23/17,4-12-19,Canada,56.24383,-120.84431,British Columbia,Fort St. John,,,,CAD,121.1,160.48,1211,1605,0.083,4,10,110,0,1,1,1,11/6/18,70,FALSE,FALSE,Moderate - Free cancellation for 48 hours,378,500,113,150,8,10,189,2116,529,3PM - 8PM,,7,1,2,TRUE,5,20624456,12119673,https://www.airbnb.com/rooms/20624456,https://a0.muscache.com/im/pictures/e990b551-ec59-4c65-9460-cf7fc952a7d5.jpg?aki_policy=x_large,1203713vb,,https://www.homeaway.com/vacation-rental/p1203713vb,https://odis.homeaway.com/odis/listing/361af325-34a0-4d47-aa8c-c43e56f6743b.c10.jpg
ab-5850420,Holliday in beautiful Tumbler Ridge,House,Entire home/apt,4/1/15,4-20-18,Canada,55.13610725,-120.9924207,British Columbia,Tumbler Ridge,,,,CAD,,,0,0,,0,,,,3,1,5,10/5/17,89,FALSE,,Flexible,,,,,,,129,2945,900,,,1,7,10,TRUE,4.8,5850420,30376541,https://www.airbnb.com/rooms/5850420,https://a0.muscache.com/im/pictures/72877944/6b886064_original.jpg?aki_policy=x_large,,,,
ab-7827503,2 BEDROOM VILLA,Villa,Entire home/apt,8/8/15,6-9-17,Canada,55.76792623,-120.2254155,British Columbia,Dawson Creek,,,,CAD,,,0,0,,0,,,,2,1,4,3/16/17,100,FALSE,,flexible,,,,,8,10,98,2735,684,Anytime after 3PM,11AM,5,5,4,TRUE,5,7827503,41217991,https://www.airbnb.com/rooms/7827503,https://a0.muscache.com/im/pictures/100226486/7e713e3b_original.jpg?aki_policy=x_large,,,,
ab-19986954,Sweet B,Apartment,Entire home/apt,7/18/17,9-18-17,Canada,55.75314061,-120.2303966,British Columbia,Dawson Creek,,,,CAD,,,0,0,,0,,,,2,1,4,7/22/17,100,TRUE,,moderate,127,150,,,21,25,127,3547,887,5PM - 9PM,12PM (noon),1,0,7,TRUE,,19986954,141777370,https://www.airbnb.com/rooms/19986954,https://a0.muscache.com/im/pictures/8639721b-2ea8-4ed6-9cf2-1c210fe40ef2.jpg?aki_policy=x_large,,,,
ab-18792887,Bedroom to rent shorterm,Bungalow,Private room,5/16/17,4-24-19,Canada,55.76913,-120.22667,British Columbia,Dawson Creek,,,,CAD,34.5,45.83,2898,3850,0.609,9,84,54,13,1,1,1,4/5/19,100,FALSE,,Flexible - Free cancellation for 48 hours,,,,,11,15,34,944,236,Flexible,12AM (midnight),7,10,5,TRUE,4.9,18792887,1192054,https://www.airbnb.com/rooms/18792887,https://a0.muscache.com/im/pictures/7ba51181-d565-40e2-81ad-1bf1c136d2fd.jpg?aki_policy=x_large,,,,
ab-12968840,Basement bedroom in house near town centre,House,Private room,5/11/16,5-22-19,Canada,56.25622,-120.83973,British Columbia,Fort St. John,,,,CAD,,,0,0,,0,,,,1,1,2,6/20/16,100,FALSE,,Flexible - Free cancellation for 48 hours,,,,,,,76,2129,532,,,1,1,2,TRUE,5,12968840,21190059,https://www.airbnb.com/rooms/12968840,https://a0.muscache.com/im/pictures/91ae051f-59cc-4143-b8f6-178798d06de8.jpg?aki_policy=x_large,,,,
ab-7856457,COZY CONDO,Other,Entire home/apt,8/10/15,6-9-17,Canada,55.7549422,-120.2291027,British Columbia,Dawson Creek,,,,CAD,,,0,0,,0,,,,1,1,4,3/16/17,100,FALSE,,flexible,,,,,8,10,98,2744,686,Anytime after 3PM,11AM,5,5,4,TRUE,4.8,7856457,41217991,https://www.airbnb.com/rooms/7856457,https://a0.muscache.com/im/pictures/101946410/d8d6b137_original.jpg?aki_policy=x_large,,,,
ab-830740,Alaska Highway ,House,Private room,12/8/12,7-12-17,Canada,56.25260356,-120.8279178,British Columbia,Fort St. John,,,,CAD,,,0,0,,0,,,,1,1,2,10/17/15,20,FALSE,,flexible,,,,,,,40,1114,278,,,1,5,1,TRUE,4.8,830740,4307541,https://www.airbnb.com/rooms/830740,https://a0.muscache.com/im/pictures/11796640/99edc095_original.jpg?aki_policy=x_large,,,,
ab-14218827,Executive Condo,Condominium,Private room,7/27/16,12-6-17,Canada,56.24919016,-120.8652327,British Columbia,Fort St. John,,,,CAD,,,0,0,,0,,,,1,1,2,7/11/17,100,FALSE,,moderate,,,,,,,65,1804,451,Anytime after 3PM,12AM (midnight),2,0,5,TRUE,,14218827,86373326,https://www.airbnb.com/rooms/14218827,https://a0.muscache.com/im/pictures/164ea78c-9448-40ce-82ee-157634fafb20.jpg?aki_policy=x_large,,,,
ab-18807619,Executive style 2 bedroom / 2 bathroom Condo,Serviced apartment,Entire home/apt,5/17/17,1-3-19,Canada,56.25164172,-120.8686719,British Columbia,Fort St. John,,,,CAD,90.7,118.32,3356,4378,0.259,6,37,106,11,2,2,2,12/30/18,100,FALSE,,Flexible - Free cancellation for 48 hours,,,,,,,79,2217,554,Flexible,12PM (noon),5,6,4,TRUE,5,18807619,64659381,https://www.airbnb.com/rooms/18807619,https://a0.muscache.com/im/pictures/dc523ea4-3e61-4beb-81ae-8d5aadd6ae60.jpg?aki_policy=x_large,,,,
ab-20863316,Comfortable quiet home,House,Private room,9/7/17,4-29-19,Canada,55.76856,-120.23976,British Columbia,Dawson Creek,,,,CAD,39.09,51.67,2932,3875,0.408,9,75,109,28,1,1,1,4/2/19,100,FALSE,,Strict - Free cancellation for 48 hours,149,200,,,,,41,1149,287,After 3PM,2PM,7,4,2,TRUE,4.8,20863316,104149516,https://www.airbnb.com/rooms/20863316,https://a0.muscache.com/im/pictures/00413da1-558b-43ac-9f21-5661d1b7c3e8.jpg?aki_policy=x_large,,,,
ab-18224392,Private Room with Queen Bed,House,Private room,4/12/17,7-1-17,Canada,56.2345286,-120.8153663,British Columbia,Fort St. John,,,,USD,,,0,0,,0,,,,1,1,2,6/21/17,89,FALSE,,flexible,,,,,,,36,1298,324,Anytime after 3PM,,1,2,4,TRUE,5,18224392,125856931,https://www.airbnb.com/rooms/18224392,https://a0.muscache.com/im/pictures/f5ef3768-1540-4a42-abe4-dbf963d78e48.jpg?aki_policy=x_large,,,,
ab-18825272,Downtown hotel in Dawson Creek,Serviced apartment,Private room,5/18/17,5-22-19,Canada,55.7601,-120.22806,British Columbia,Dawson Creek,,,,CAD,62.26,80,4234,5440,0.25,14,68,204,0,1,1,1,11/23/18,100,FALSE,,Moderate - Free cancellation for 48 hours,,,,,,,60,1681,420,3PM - 10PM,12PM (noon),2,14,7,TRUE,4.3,18825272,131079842,https://www.airbnb.com/rooms/18825272,https://a0.muscache.com/im/pictures/01d46de3-56ee-4dc2-bec1-dc4644e5be2b.jpg?aki_policy=x_large,,,,
ab-18826480,Executive 3 bedroom Townhome (49),Townhouse,Entire home/apt,5/18/17,5-22-19,Canada,56.24548,-120.82262,British Columbia,Fort St. John,,,,CAD,,,0,0,,0,,,,3,1.5,6,5/6/19,70,FALSE,,Moderate - Free cancellation for 48 hours,379,500,114,150,15,20,189,2103,526,3PM - 8PM,,14,4,14,TRUE,4.8,18826480,12119673,https://www.airbnb.com/rooms/18826480,https://a0.muscache.com/im/pictures/190e2e67-e856-46a9-8e2d-48097339b51c.jpg?aki_policy=x_large,,,,
ab-12026046,Perfect place to stay in FSJ!,House,Entire home/apt,3/23/16,4-6-16,Canada,56.26274384,-120.851493,British Columbia,Fort St. John,,,,CAD,,,0,0,,0,,,,3,2,6,3/26/16,100,FALSE,,Moderate,,,59,,,,122,857,3426,2:00 PM,11:00 AM,3,0,5,TRUE,,12026046,30473178,https://www.airbnb.com/rooms/12026046,https://a2.muscache.com/im/pictures/f3d90767-be08-4657-b23c-f47fed62b35b.jpg,,,,
ab-18835230,Quiet 1 bedroom apartment (102 A),Apartment,Entire home/apt,5/18/17,5-22-19,Canada,56.23676,-120.82202,British Columbia,Fort St. John,,,,CAD,46.14,60.27,3645,4761,0.374,8,79,132,3,1,1,2,5/6/19,70,FALSE,,Flexible - Free cancellation for 48 hours,264,350,75,100,,,117,1161,290,After 3PM,,14,4,4,TRUE,3.5,18835230,12119673,https://www.airbnb.com/rooms/18835230,https://a0.muscache.com/im/pictures/6f2b6033-0ca3-4c32-9a0d-84b034adadb4.jpg?aki_policy=x_large,,,,
ab-15021798,Quiet and Clean Bedroom in a Duplex,Townhouse,Private room,9/11/16,4-26-19,Canada,56.24725,-120.85532,British Columbia,Fort St. John,,,,CAD,26.8,35,938,1225,0.192,8,35,147,0,1,1,2,9/16/17,0,FALSE,,Flexible - Free cancellation for 48 hours,,,,,7,10,26,732,183,Flexible,,5,7,4,TRUE,4.8,15021798,94820882,https://www.airbnb.com/rooms/15021798,https://a0.muscache.com/im/pictures/9702c7f3-3616-47ba-939b-f28eadf229a5.jpg?aki_policy=x_large,,,,
ab-12053941,NEW Luxury Townhome in Central Dawson Creek,Townhouse,Entire home/apt,3/25/16,5-23-19,Canada,55.75495,-120.25323,British Columbia,Dawson Creek,,,,CAD,114.97,150.6,6553,8585,0.37,13,57,97,58,2,2.5,4,2/27/19,90,FALSE,,Moderate - Free cancellation for 48 hours,,,74,100,,,171,2708,677,,,3,14,7,TRUE,4.3,12053941,64556766,https://www.airbnb.com/rooms/12053941,https://a0.muscache.com/im/pictures/166a1596-4974-4480-a766-75dc4b3a9f64.jpg?aki_policy=x_large,,,,
ab-16578360,condo,Condominium,Entire home/apt,12/30/16,9-11-17,Canada,56.24981484,-120.868584,British Columbia,Fort St. John,,,,CAD,,,0,0,,0,,,,2,2,4,8/21/17,100,FALSE,,flexible,,,,,,,66,1850,462,Anytime after 3PM,12PM (noon),1,18,9,TRUE,4.8,16578360,109258161,https://www.airbnb.com/rooms/16578360,https://a0.muscache.com/im/pictures/d5d833c4-c38b-450e-ba82-4793887476fd.jpg?aki_policy=x_large,,,,
ab-12057685,Beautiful Executive 4BR Two Level Spacious House,House,Entire home/apt,3/25/16,5-24-19,Canada,55.77936,-120.25246,British Columbia,Dawson Creek,,,,CAD,161.67,216.52,485,650,0.214,1,3,11,16,4,3,4,4/11/19,100,FALSE,,Strict - Free cancellation for 48 hours,597,800,149,200,37,50,258,3032,758,Flexible,11AM,1,0,20,TRUE,,12057685,64586752,https://www.airbnb.com/rooms/12057685,https://a0.muscache.com/im/pictures/ff9422c4-953a-4782-a410-b602bbba7f7f.jpg?aki_policy=x_large,,,,
ab-12063498,Bright Private 2BD Executive Suite,House,Entire home/apt,3/25/16,5-24-19,Canada,55.77847,-120.25357,British Columbia,Dawson Creek,,,,CAD,76.4,98.08,3438,4414,0.592,6,45,31,46,2,1,2,5/6/19,100,FALSE,,Strict - Free cancellation for 48 hours,633,850,93,125,37,50,147,1502,376,Flexible,11AM,6,5,13,TRUE,4.2,12063498,64586752,https://www.airbnb.com/rooms/12063498,https://a0.muscache.com/im/pictures/54525a99-ec5a-49de-b1f4-dddcb4231433.jpg?aki_policy=x_large,,,,
ab-13660614,New/ Modern suite all to yourself,House,Entire home/apt,3/30/17,5-21-19,Canada,55.77634,-120.25094,British Columbia,Dawson Creek,,,,CAD,,,0,0,,0,,,,1,1,2,5/7/19,100,FALSE,,Flexible - Free cancellation for 48 hours,206,250,62,75,,,124,1727,432,,,3,1,8,TRUE,,13660614,25459352,https://www.airbnb.com/rooms/13660614,https://a0.muscache.com/im/pictures/e626759c-927e-4a4a-9de6-a67a70a404fe.jpg?aki_policy=x_large,,,,
ab-12069306,"Cozy bedroom w fourth floor view, private bathroom",Condominium,Private room,3/26/16,4-28-17,Canada,56.25118271,-120.8668873,British Columbia,Fort St. John,,,,CAD,,,0,0,,0,,,,1,1,2,4/19/17,100,FALSE,,Flexible,191,250,8,10,38,50,54,1284,321,12PM (noon) - 11PM,12PM (noon),2,1,7,TRUE,5,12069306,64665424,https://www.airbnb.com/rooms/12069306,https://a0.muscache.com/im/pictures/375a1ac5-d21d-47d5-af2d-102634bcca69.jpg,,,,
ab-12071276,Executive style 2 bed /2 bath condo,Serviced apartment,Entire home/apt,3/26/16,5-18-19,Canada,56.25189,-120.86889,British Columbia,Fort St. John,,,,CAD,80.55,106.33,7088,9357,0.486,8,88,93,2,2,2,2,3/26/19,100,FALSE,,Flexible - Free cancellation for 48 hours,,,,,,,65,1809,452,Flexible,12PM (noon),5,15,3,TRUE,5,12071276,64659381,https://www.airbnb.com/rooms/12071276,https://a0.muscache.com/im/pictures/0b5f9878-6f2c-4a80-9289-bf767ff26162.jpg?aki_policy=x_large,,,,
ab-19473402,Cozy place for short or long-stay,House,Private room,6/21/17,6-7-18,Canada,56.26000512,-120.8343123,British Columbia,Fort St. John,,,,USD,52.12,52.12,886,886,0.327,4,17,35,10,1,1,1,5/27/18,100,TRUE,,Flexible,,,26,26,,,72,1298,324,After 3PM,,5,2,4,TRUE,4.5,19473402,6746241,https://www.airbnb.com/rooms/19473402,https://a0.muscache.com/im/pictures/8f5d814b-cd72-4798-96ca-9e557070bec6.jpg?aki_policy=x_large,,,,
ab-19474286,Beautiful New Townhome,Townhouse,Entire home/apt,6/22/17,5-25-19,Canada,55.75564,-120.25445,British Columbia,Dawson Creek,,,,CAD,106.53,140.4,7990,10530,0.403,8,75,111,25,2,2.5,4,5/6/19,90,FALSE,,Moderate - Free cancellation for 48 hours,,,75,100,,,172,2729,682,Flexible,,3,5,5,TRUE,4.4,19474286,64556766,https://www.airbnb.com/rooms/19474286,https://a0.muscache.com/im/pictures/e394c5b2-e461-40d0-95d7-fffb1435a43f.jpg?aki_policy=x_large,,,,
ab-15784273,"Relax, Buisness or Outdoor Adventure",House,Entire home/apt,11/1/16,1-21-17,Canada,55.12789002,-121.002733,British Columbia,Tumbler Ridge,,,,CAD,,,0,0,,0,,,,2,2.5,4,11/1/16,,FALSE,,Flexible,,,,,,,60,1677,419,Anytime after 3PM,,1,0,7,TRUE,,15784273,102096685,https://www.airbnb.com/rooms/15784273,https://a2.muscache.com/im/pictures/c1644609-c0a5-47c3-b106-6693eb4f6978.jpg,,,,
ab-6032742,The Coach House,Bed and breakfast,Entire home/apt,4/14/15,5-21-19,Canada,55.74466,-120.24671,British Columbia,Dawson Creek,,,,CAD,123.67,160,371,480,0.068,2,3,41,17,2,1,4,4/11/19,100,TRUE,,Flexible - Free cancellation for 48 hours,745,1000,,,22,30,119,2426,687,,,1,15,6,TRUE,4.8,6032742,5178325,https://www.airbnb.com/rooms/6032742,https://a0.muscache.com/im/pictures/75133430/c10e5d57_original.jpg?aki_policy=x_large,,,,
ab-12228894,Ideal fresh & spacious 1 BR suite,Apartment,Entire home/apt,4/3/16,5-24-19,Canada,56.25865,-120.83521,British Columbia,Fort St. John,,,,CAD,,,0,0,,0,,,,1,1,3,10/1/17,100,FALSE,,Moderate - Free cancellation for 48 hours,187,250,26,35,22,30,85,1651,413,3PM - 12AM (midnight),11AM,2,15,14,TRUE,4.8,12228894,19383800,https://www.airbnb.com/rooms/12228894,https://a0.muscache.com/im/pictures/91dc6f56-9937-4ef3-9ae4-ef12f4afa1ac.jpg?aki_policy=x_large,,,,
ab-1251649,Bedroom for One,House,Private room,3/9/17,5-8-17,Canada,55.76754088,-120.2264536,British Columbia,Dawson Creek,,,,CAD,,,0,0,,0,,,,1,1,1,3/8/17,100,FALSE,,Flexible,,,,,,,46,1284,321,Flexible,12AM (midnight),1,2,7,TRUE,5,1251649,1192054,https://www.airbnb.com/rooms/1251649,https://a0.muscache.com/im/pictures/0829407f-f2e6-45c1-b42a-282cfe722b7f.jpg,,,,
ab-19520289,3 Bedroom Stylish Townhome (47),Townhouse,Entire home/apt,6/24/17,5-22-19,Canada,56.24446,-120.82361,British Columbia,Fort St. John,,,,CAD,104.35,136.04,2191,2857,0.138,5,21,131,32,3,1.5,6,5/6/19,70,FALSE,,Moderate - Free cancellation for 48 hours,373,500,112,150,15,20,164,1464,366,3PM - 8PM,,14,1,10,TRUE,5,19520289,12119673,https://www.airbnb.com/rooms/19520289,https://a0.muscache.com/im/pictures/a8a3d022-1fd4-49d8-b218-4ed012652d23.jpg?aki_policy=x_large,,,,
ab-7036321,Peace River Inn & Suites,Apartment,Entire home/apt,6/26/15,5-24-19,Canada,55.6961,-121.62899,British Columbia,Chetwynd,,,,CAD,77.76,100.97,1944,2524,0.658,1,25,13,23,1,1,2,9/4/18,100,FALSE,,Flexible - Free cancellation for 48 hours,,,37,50,,,111,1643,392,,,1,1,4,TRUE,3,7036321,36890280,https://www.airbnb.com/rooms/7036321,https://a0.muscache.com/im/pictures/89239589/f63698aa_original.jpg?aki_policy=x_large,,,,
ab-21111198,Twin Bed In fully furnished Townhouse,Townhouse,Private room,9/25/17,5-23-19,Canada,56.26042,-120.84972,British Columbia,Fort St. John,,,,CAD,26.69,35,2322,3045,0.635,10,87,50,75,1,1,1,4/4/19,100,FALSE,,Strict - Free cancellation for 48 hours,,,,,,,26,711,178,After 3PM,12PM (noon),7,9,11,TRUE,5,21111198,41835281,https://www.airbnb.com/rooms/21111198,https://a0.muscache.com/im/pictures/02a72962-522e-4cf6-a9f1-edd56ed00bd7.jpg?aki_policy=x_large,,,,
ab-9386785,Lexington Manor - 1 Bed Executive Townhome (10),Townhouse,Entire home/apt,11/9/15,5-21-19,Canada,56.246,-120.84272,British Columbia,Fort St. John,,,,CAD,78.77,105.31,2600,3475,0.375,2,33,55,3,1,1,2,5/6/19,70,FALSE,,Moderate - Free cancellation for 48 hours,372,500,112,150,,,179,2234,469,3PM - 8PM,12PM (noon),2,3,5,TRUE,4.7,9386785,12119673,https://www.airbnb.com/rooms/9386785,https://a0.muscache.com/im/pictures/b86f40c0-98ff-4a99-a2ed-5dcb9ed12f37.jpg?aki_policy=x_large,,,,
ab-13100419,Queen Bed In New Townhouse,Townhouse,Private room,3/7/17,5-24-19,Canada,56.26164,-120.84956,British Columbia,Fort St. John,,,,CAD,27.53,35,1597,2030,0.674,3,58,28,7,1,1.5,2,4/9/19,100,FALSE,,Moderate - Free cancellation for 48 hours,,,,,,,26,836,209,Flexible,12AM (midnight),5,4,9,TRUE,5,13100419,41835281,https://www.airbnb.com/rooms/13100419,https://a0.muscache.com/im/pictures/f2715c56-f2ed-4d44-9124-089c096c0225.jpg?aki_policy=x_large,,,,
ab-12289976,Rooms from $99 including taxes.,Bed and breakfast,Private room,4/6/16,5-24-19,Canada,55.12494,-120.9985,British Columbia,Tumbler Ridge,,,,CAD,81.35,106.59,4393,5756,0.302,6,54,125,4,1,1,2,9/23/18,100,FALSE,,Flexible - Free cancellation for 48 hours,,,,,8,10,83,2311,578,After 2PM,11AM,1,6,1,TRUE,4.2,12289976,66235295,https://www.airbnb.com/rooms/12289976,https://a0.muscache.com/im/pictures/29587803-40d1-4550-94f8-69a26546e9b0.jpg?aki_policy=x_large,,,,
ab-21214548,Room for rent!,House,Private room,10/7/17,10-25-17,Canada,56.24385946,-120.8314077,British Columbia,Fort St. John,,,,CAD,,,0,0,,0,,,,1,1,1,10/8/17,69,FALSE,,flexible,,,,,,,21,1165,291,Anytime after 7PM,,1,0,2,TRUE,,21214548,143997514,https://www.airbnb.com/rooms/21214548,https://a0.muscache.com/im/pictures/eac868c0-0b16-4e3d-8bc9-622b98046eaf.jpg?aki_policy=x_large,,,,
ab-21230796,Bed room for rent!,House,Private room,10/7/17,10-25-17,Canada,56.24374801,-120.8297649,British Columbia,Fort St. John,,,,CAD,,,0,0,,0,,,,0,1,1,10/8/17,69,FALSE,,flexible,,,,,,,21,777,194,Anytime after 7PM,,1,0,2,TRUE,,21230796,143997514,https://www.airbnb.com/rooms/21230796,https://a0.muscache.com/im/pictures/354b614e-d0b5-48fe-b598-e95861255ffa.jpg?aki_policy=x_large,,,,
ab-21325426,Sweet B,Apartment,Entire home/apt,10/15/17,8-13-18,Canada,55.75495041,-120.2315763,British Columbia,Dawson Creek,,,,CAD,100.11,130.02,4405,5721,0.468,5,44,50,28,2,1,4,3/31/18,100,TRUE,,Moderate policy –  Free cancellation within 48 hours,96,125,,,8,10,100,3434,859,Flexible,12PM (noon),2,12,7,TRUE,4.8,21325426,141777370,https://www.airbnb.com/rooms/21325426,https://a0.muscache.com/im/pictures/fc35d8ae-1b72-480d-9017-1d841702c959.jpg?aki_policy=x_large,,,,
ab-18946068,"Brand New house, great location!",House,Private room,5/24/17,9-9-17,Canada,55.77726174,-120.2474687,British Columbia,Dawson Creek,,,,CAD,,,0,0,,0,,,,1,1,4,8/24/17,89,FALSE,,moderate,,,25,30,,,65,1280,320,Flexible,6PM,1,3,9,TRUE,5,18946068,120249056,https://www.airbnb.com/rooms/18946068,https://a0.muscache.com/im/pictures/301fe17e-4410-4f3b-a8b0-413542b36f52.jpg?aki_policy=x_large,,,,
ab-16740503,Beautifully furnished 2 bedroom 2 bathroom condo,Serviced apartment,Entire home/apt,1/10/17,4-22-19,Canada,56.25137,-120.85935,British Columbia,Fort St. John,,,,CAD,88.11,115.88,4934,6489,0.29,8,56,137,51,2,2,2,4/9/19,100,FALSE,,Flexible - Free cancellation for 48 hours,,,,,,,71,1986,496,Flexible,12PM (noon),3,6,1,TRUE,4.7,16740503,64659381,https://www.airbnb.com/rooms/16740503,https://a0.muscache.com/im/pictures/969422bc-f0d7-4bd8-8515-7cb3985c9282.jpg?aki_policy=x_large,,,,
ab-16740741,Beautiful Spacious 3 bedroom 3 bathroom Duplex,Townhouse,Entire home/apt,1/10/17,3-23-19,Canada,56.25578,-120.85493,British Columbia,Fort St. John,,,,CAD,100.38,133.19,1606,2131,0.271,3,16,43,34,3,2.5,3,3/12/19,100,FALSE,,Flexible - Free cancellation for 48 hours,,,,,,,88,2477,619,Flexible,12PM (noon),7,2,6,TRUE,5,16740741,64659381,https://www.airbnb.com/rooms/16740741,https://a0.muscache.com/im/pictures/5a33574d-9013-4028-9899-d61ba394b656.jpg?aki_policy=x_large,,,,
ab-21580123,Quiet and Sunny 2 Bedroom Condo,Entire condominium,Entire home/apt,11/4/17,12-25-17,Canada,56.24934408,-120.8683592,British Columbia,Fort St. John,,,,CAD,,,0,0,,0,,,,2,2,4,12/1/17,100,FALSE,,flexible,,,,,,,63,1681,420,Anytime after 1PM,12PM (noon),2,3,10,TRUE,4.7,21580123,26219093,https://www.airbnb.com/rooms/21580123,https://a0.muscache.com/im/pictures/5de05817-6929-4bd5-9b42-3e8a78764a2b.jpg?aki_policy=x_large,,,,
ab-13158350,Private room with Queen bed.,Private room in house,Private room,5/23/16,3-8-18,Canada,56.24375565,-120.8176624,British Columbia,Fort St. John,,,,CAD,,,0,0,,0,,,,1,1,2,12/4/17,60,FALSE,,flexible,,,,,,,36,1007,252,Flexible,12AM (midnight),5,29,2,TRUE,4.3,13158350,73219384,https://www.airbnb.com/rooms/13158350,https://a0.muscache.com/im/pictures/4bab7cea-1259-4748-b47d-148778ada692.jpg?aki_policy=x_large,,,,
ab-20214398,Rooms for rent!,House,Private room,8/1/17,10-25-17,Canada,56.24573536,-120.8297434,British Columbia,Fort St. John,,,,CAD,,,0,0,,0,,,,1,1,1,10/8/17,69,FALSE,,flexible,,,,,12,15,21,798,199,Anytime after 7PM,,1,0,4,TRUE,,20214398,143997514,https://www.airbnb.com/rooms/20214398,https://a0.muscache.com/im/pictures/3b832edc-d9d2-4752-b832-f1b30598a7b7.jpg?aki_policy=x_large,,,,
ab-12429633,"Close, Quiet and Cozy",House,Entire home/apt,4/12/16,5-2-18,Canada,55.75303773,-120.220403,British Columbia,Dawson Creek,,,,CAD,75.57,94.73,529,663,0.226,1,7,24,0,2,1,4,3/25/18,100,FALSE,,Flexible,,,32,40,,,104,1035,305,,,4,10,5,TRUE,4.3,12429633,14039747,https://www.airbnb.com/rooms/12429633,https://a0.muscache.com/im/pictures/f3a16c23-0a35-489b-9de0-36cf07cbdd6e.jpg?aki_policy=x_large,,,,
ab-21695993,Room in Cute Character Home,Private room in house,Private room,11/11/17,12-31-17,Canada,56.24013455,-120.8347418,British Columbia,Fort St. John,,,,CAD,,,0,0,,0,,,,2,1,2,12/5/17,100,FALSE,,flexible,,,,,,,48,1345,336,Anytime after 3PM,,1,0,3,TRUE,,21695993,157948088,https://www.airbnb.com/rooms/21695993,https://a0.muscache.com/im/pictures/1febd45c-4f80-4e54-8263-1563fbf9a88d.jpg?aki_policy=x_large,,,,
ab-16794452,Condo for amazing price; yours aloneJuly/Aug,Condominium,Private room,1/14/17,7-6-17,Canada,56.24790484,-120.8621057,British Columbia,Fort St. John,,,,CAD,,,0,0,,0,,,,2,2,2,6/4/17,100,FALSE,,moderate,,,19,25,16,20,74,1521,380,Anytime after 3PM,,1,2,6,TRUE,5,16794452,19471401,https://www.airbnb.com/rooms/16794452,https://a0.muscache.com/im/pictures/c72ab141-572a-4079-9745-7ec068cac873.jpg?aki_policy=x_large,,,,
ab-13866508,"One room, double bed sleeps one or two",House,Private room,7/5/16,5-23-19,Canada,55.76724,-120.24786,British Columbia,Dawson Creek,,,,CAD,39.61,51.43,2852,3703,0.605,14,72,47,96,1,2,7,3/28/19,100,TRUE,,Flexible - Free cancellation for 48 hours,,,8,10,11,15,45,1050,263,,,1,5,1,TRUE,5,13866508,75410331,https://www.airbnb.com/rooms/13866508,https://a0.muscache.com/im/pictures/8d466b8e-45b6-42e4-a81a-332952c2f852.jpg?aki_policy=x_large,,,,
ab-13866662,"One room, double bed sleeps one or two",House,Private room,7/5/16,5-24-19,Canada,55.76771,-120.24733,British Columbia,Dawson Creek,,,,CAD,39.67,51.96,3094,4053,0.582,16,78,56,81,1,2,7,3/28/19,100,TRUE,,Flexible - Free cancellation for 48 hours,,,7,10,11,15,45,1046,261,,,1,15,1,TRUE,4.8,13866662,75410331,https://www.airbnb.com/rooms/13866662,https://a0.muscache.com/im/pictures/f8c2032c-c80b-44f4-89cc-3bdd36efc244.jpg?aki_policy=x_large,,,,
ab-9593502,New condo in a coveted setting,Condominium,Entire home/apt,11/21/15,5-23-19,Canada,56.24999,-120.86321,British Columbia,Fort St. John,,,,CAD,,,0,0,,0,,,,2,2,2,11/23/15,,FALSE,,Moderate - Free cancellation for 48 hours,,,34,45,15,20,133,2761,690,After 3PM,10AM,1,0,7,TRUE,,9593502,49653704,https://www.airbnb.com/rooms/9593502,https://a0.muscache.com/im/pictures/cef9b27c-bcd8-454e-a28a-34543db712fb.jpg?aki_policy=x_large,,,,
ab-14518373,Cozy room in hikers paradise!,House,Private room,8/13/16,9-9-17,Canada,55.12878915,-121.0108411,British Columbia,Tumbler Ridge,,,,CAD,,,0,0,,0,,,,1,1,2,7/16/17,100,FALSE,,flexible,,,,,,,46,1302,326,,,1,11,1,TRUE,4.8,14518373,17305345,https://www.airbnb.com/rooms/14518373,https://a0.muscache.com/im/pictures/e5cd334c-e403-4fd4-85df-df7f5b468a2d.jpg?aki_policy=x_large,,,,
ab-14519585,Brand New Townhome in Central Dawson Creek,Townhouse,Entire home/apt,8/13/16,5-24-19,Canada,55.75582,-120.25538,British Columbia,Dawson Creek,,,,CAD,107.38,141.08,7087,9311,0.379,8,66,108,37,2,2.5,4,1/23/19,90,FALSE,,Flexible - Free cancellation for 48 hours,,,75,100,,,173,2730,683,Flexible,,3,9,6,TRUE,4.5,14519585,64556766,https://www.airbnb.com/rooms/14519585,https://a0.muscache.com/im/pictures/652609a9-c92b-496b-9c97-c28613490eda.jpg?aki_policy=x_large,,,,
ab-18525428,Beautifully furnished one bedroom / one bath suite,House,Entire home/apt,5/1/17,4-10-19,Canada,56.2511,-120.86437,British Columbia,Fort St. John,,,,CAD,49.79,64.82,3784,4926,0.415,7,76,107,1,1,1,1,4/5/19,100,FALSE,,Flexible - Free cancellation for 48 hours,,,,,,,45,1271,318,Flexible,12PM (noon),5,9,3,TRUE,4.9,18525428,64659381,https://www.airbnb.com/rooms/18525428,https://a0.muscache.com/im/pictures/3d61ec19-fd7a-4df8-924c-2205da47d6ce.jpg?aki_policy=x_large,,,,
ab-19681355,Coziest Home Away from Home! A1,House,Private room,7/2/17,9-6-17,Canada,55.76735134,-120.2256448,British Columbia,Dawson Creek,,,,CAD,,,0,0,,0,,,,1,1,2,7/16/17,100,TRUE,,flexible,,,,,12,15,49,1375,344,Anytime after 3PM,10AM,3,0,3,TRUE,,19681355,1207701,https://www.airbnb.com/rooms/19681355,https://a0.muscache.com/im/pictures/12520efa-eae2-4c34-a9b8-27e34be339fb.jpg?aki_policy=x_large,,,,
ab-19681942,Coziest Home Away from Home! B2,House,Private room,7/2/17,8-4-17,Canada,55.76860517,-120.225517,British Columbia,Dawson Creek,,,,CAD,,,0,0,,0,,,,1,1,1,7/16/17,100,TRUE,,flexible,,,,,,,41,1150,288,Anytime after 3PM,10AM,3,1,3,TRUE,5,19681942,1207701,https://www.airbnb.com/rooms/19681942,https://a0.muscache.com/im/pictures/40b4654d-a493-44b8-b4bd-abc4144ce0bb.jpg?aki_policy=x_large,,,,
ab-15996049,Cozy room for short or long-stay,House,Private room,11/15/16,6-5-18,Canada,56.25801086,-120.8346724,British Columbia,Fort St. John,,,,CAD,36,45,684,855,0.413,3,19,27,47,1,1,1,5/7/18,100,TRUE,,Flexible,,,,,8,,36,1006,251,Flexible,11AM,3,6,5,TRUE,4.7,15996049,6746241,https://www.airbnb.com/rooms/15996049,https://a0.muscache.com/im/pictures/5cd16ae6-c6eb-4c71-a2f3-eb9b35c9517d.jpg?aki_policy=x_large,,,,
ab-19038715,Beautifully furnished 3 bed Townhome (51),Townhouse,Entire home/apt,5/30/17,4-12-19,Canada,56.24395,-120.82224,British Columbia,Fort St. John,,,,CAD,106.35,136.82,3510,4515,0.148,6,33,190,23,3,1.5,6,11/6/18,70,FALSE,,Moderate - Free cancellation for 48 hours,375,500,112,150,15,20,195,2309,577,3PM - 8PM,,14,3,10,TRUE,5,19038715,12119673,https://www.airbnb.com/rooms/19038715,https://a0.muscache.com/im/pictures/08d35dd9-8dd9-4cdf-9d91-5a5995252a7d.jpg?aki_policy=x_large,,,,
ab-6482291,Brand new executive modern suite,House,Entire home/apt,5/19/15,11-24-16,Canada,55.77534551,-120.2535948,British Columbia,Dawson Creek,,,,CAD,,,0,0,,0,,,,2,1,4,9/29/16,100,FALSE,,Moderate,152,200,114,150,8,10,229,1293,799,,,2,0,9,TRUE,,6482291,4376963,https://www.airbnb.com/rooms/6482291,https://a1.muscache.com/im/pictures/81441936/06485d23_original.jpg,,,,
ab-16895020,2 Bedroom Apartment in the Heart of FSJ (304 B),Apartment,Entire home/apt,1/20/17,5-22-19,Canada,56.23519,-120.82093,British Columbia,Fort St. John,,,,CAD,58.38,75.69,1985,2573,0.37,3,34,58,1,2,1,4,5/6/19,70,FALSE,,Moderate - Free cancellation for 48 hours,373,500,112,150,7,10,160,1356,339,3PM - 8PM,12PM (noon),14,3,7,TRUE,4.7,16895020,12119673,https://www.airbnb.com/rooms/16895020,https://a0.muscache.com/im/pictures/2a66d068-4ed5-427a-90a8-27f03221f12e.jpg?aki_policy=x_large,,,,
ab-21785124,Beautifully furnished 1 bedroom and 1 bath suite,Serviced apartment,Entire home/apt,12/13/17,8-26-18,Canada,56.25222723,-120.8645618,British Columbia,Fort St. John,,,,CAD,52.94,68.24,900,1160,0.447,2,17,21,23,1,1,1,8/13/18,100,FALSE,,Flexible - Free cancellation for 48 hours,,,,,,,52,1458,365,Flexible,12PM (noon),5,1,10,TRUE,5,21785124,64659381,https://www.airbnb.com/rooms/21785124,https://a0.muscache.com/im/pictures/dc2cf099-0974-4c92-b65c-523fc3d234f3.jpg?aki_policy=x_large,,,,
ab-13929214,Private room in quiet house,Private room in house,Private room,7/9/16,1-21-18,Canada,56.26450917,-120.8256125,British Columbia,Fort St. John,,,,CAD,,,0,0,,0,,,,1,1,2,11/13/17,100,FALSE,,moderate,124,150,33,40,21,,82,1739,435,,,1,1,10,TRUE,,13929214,82760835,https://www.airbnb.com/rooms/13929214,https://a0.muscache.com/im/pictures/a22a9d91-24ff-4e79-8305-3e6b6cb1f369.jpg?aki_policy=x_large,,,,
ab-19721249,Airbed in a home office,House,Private room,7/4/17,7-8-17,Canada,55.12969156,-121.0112235,British Columbia,Tumbler Ridge,,,,CAD,,,0,0,,0,,,,1,1,2,7/7/17,100,FALSE,,flexible,,,,,,,20,557,139,,,1,0,1,TRUE,,19721249,17305345,https://www.airbnb.com/rooms/19721249,https://a0.muscache.com/im/pictures/ce59b423-6da3-4c47-9fcf-b961b8b86893.jpg?aki_policy=x_large,,,,
ab-16068919,"Like new mobile, good quiet location close to town",House,Entire home/apt,11/20/16,3-19-17,Canada,55.76600346,-120.2524434,British Columbia,Dawson Creek,,,,CAD,,,0,0,,0,,,,2,2,3,12/22/16,,FALSE,,Moderate,,,,,,,69,1919,480,Anytime after 3PM,,30,1,1,TRUE,3,16068919,38173706,https://www.airbnb.com/rooms/16068919,https://a0.muscache.com/im/pictures/8d16cb20-8ef8-4b12-a2ff-36ba7dba8d2a.jpg,,,,
ab-13314355,More comfort and value than any hotel!,Entire townhouse,Entire home/apt,6/1/16,12-15-17,Canada,55.75743063,-120.2404169,British Columbia,Dawson Creek,,,,CAD,,,0,0,,0,,,,3,2,3,11/11/17,100,FALSE,,flexible,,,60,75,20,,110,2894,723,,,7,16,8,TRUE,4.7,13314355,62841388,https://www.airbnb.com/rooms/13314355,https://a0.muscache.com/im/pictures/0aa9b4e6-5e7a-44b2-8f7f-53c7d08143ed.jpg?aki_policy=x_large,,,,
ab-13936899,Bright furnished 1 bedroom  for monthly renting.,Entire guest suite,Entire home/apt,7/9/16,12-11-17,Canada,55.75760438,-120.240614,British Columbia,Dawson Creek,,,,CAD,,,0,0,,0,,,,1,1,2,12/4/17,100,FALSE,,strict,243,300,61,75,,,101,1473,368,Anytime after 3PM,11AM,7,5,6,TRUE,4.8,13936899,62841388,https://www.airbnb.com/rooms/13936899,https://a0.muscache.com/im/pictures/eb4d04aa-6502-4d20-aca1-bc9bb3014c2f.jpg?aki_policy=x_large,,,,
ab-20307291,Cozy rooms in Beautiful Tumbler Ridge,Apartment,Private room,8/6/17,5-22-19,Canada,55.12771,-120.99854,British Columbia,Tumbler Ridge,,,,CAD,,,0,0,,0,,,,2,1,2,8/7/17,,FALSE,,Flexible - Free cancellation for 48 hours,,,,,,,1,21,5,After 3PM,,1,0,10,TRUE,,20307291,144854154,https://www.airbnb.com/rooms/20307291,https://a0.muscache.com/im/pictures/a59cfe2c-2725-4cf2-beba-f09eb182f3b2.jpg?aki_policy=x_large,,,,
ab-13327726,"One room, single bed",House,Private room,6/2/16,5-22-19,Canada,55.7691,-120.24755,British Columbia,Dawson Creek,,,,CAD,35.78,46.46,3077,3996,0.478,12,86,94,124,1,2,1,3/28/19,100,TRUE,,Flexible - Free cancellation for 48 hours,,,7,10,,,41,944,236,,,1,5,1,TRUE,4.6,13327726,75410331,https://www.airbnb.com/rooms/13327726,https://a0.muscache.com/im/pictures/536ec4f7-787f-4add-92c9-e71d6233a92a.jpg?aki_policy=x_large,,,,
ab-15379358,clean and bright bedroom in a quiet house.,Bungalow,Private room,6/10/18,5-24-19,Canada,56.23395,-120.82836,British Columbia,Fort St. John,,,,CAD,30.26,40,8291,10960,0.935,50,274,19,41,1,1,1,5/11/19,100,FALSE,,Flexible - Free cancellation for 48 hours,,,,,,,30,840,210,5PM - 9PM,10AM,1,10,2,TRUE,4.8,15379358,98304703,https://www.airbnb.com/rooms/15379358,https://a0.muscache.com/im/pictures/baea8ed0-2fbb-4b85-b31e-bff832dd1ea8.jpg?aki_policy=x_large,,,,
ab-19738214,Basement Suite Quiet and Clean,Place,Entire home/apt,7/5/17,4-28-19,Canada,56.23422,-120.82292,British Columbia,Fort St. John,,,,CAD,49.94,65,899,1170,0.117,5,18,136,0,2,1,4,,0,FALSE,,Flexible - Free cancellation for 48 hours,,,,,,,48,1358,339,Flexible,12AM (midnight),4,1,4,TRUE,4,19738214,94820882,https://www.airbnb.com/rooms/19738214,https://a0.muscache.com/im/pictures/cf217641-4afc-463d-a9b1-125eaa9041a4.jpg?aki_policy=x_large,,,,
ab-19738422,Single Room $35 or All Basement Suite $60,House,Private room,7/5/17,4-27-19,Canada,56.23253,-120.82297,British Columbia,Fort St. John,,,,CAD,30.72,39.6,553,713,0.087,8,18,188,7,1,1,2,9/16/17,0,FALSE,,Flexible - Free cancellation for 48 hours,,,8,10,8,10,34,741,185,Flexible,12AM (midnight),4,3,4,TRUE,3.4,19738422,94820882,https://www.airbnb.com/rooms/19738422,https://a0.muscache.com/im/pictures/85c2e9b7-afda-463c-a246-c4154817f2d5.jpg?aki_policy=x_large,,,,
ab-20330438,Lexington Manor (9),Townhouse,Entire home/apt,8/7/17,5-23-19,Canada,56.24505,-120.8433,British Columbia,Fort St. John,,,,CAD,85.18,112.2,1874,2468,0.268,2,22,60,10,1,1,1,5/6/19,70,FALSE,,Moderate - Free cancellation for 48 hours,376,500,113,150,8,10,173,1686,421,After 12PM (noon),12PM (noon),10,2,8,TRUE,4.5,20330438,12119673,https://www.airbnb.com/rooms/20330438,https://a0.muscache.com/im/pictures/9816646d-3874-458f-8c45-54e972b95bf6.jpg?aki_policy=x_large,,,,
ab-13362277,"One room, double bed, sleeps one or two",House,Private room,6/4/16,5-23-19,Canada,55.76836,-120.24756,British Columbia,Dawson Creek,,,,CAD,39.18,51.22,3291,4303,0.672,10,84,41,59,1,1,2,3/28/19,100,TRUE,,Flexible - Free cancellation for 48 hours,,,8,10,11,15,45,1050,263,,,1,10,1,TRUE,4.5,13362277,75410331,https://www.airbnb.com/rooms/13362277,https://a0.muscache.com/im/pictures/08e151ea-01f9-4ab3-b2cf-24bebfc56d34.jpg?aki_policy=x_large,,,,
ab-5191787,Lone Prairie Bed & Bale,House,Entire home/apt,1/24/15,4-16-17,Canada,55.69457183,-121.6286835,British Columbia,Chetwynd,,,,CAD,,,0,0,,0,,,,4,1.5,10,12/20/16,0,FALSE,,Flexible,,,,,8,10,70,1391,502,Flexible,,1,5,8,TRUE,4,5191787,26854454,https://www.airbnb.com/rooms/5191787,https://a0.muscache.com/im/pictures/64914707/a53e7360_original.jpg,,,,
ab-14691937,Large bedroom with private bathroom,Townhouse,Private room,8/22/16,8-15-17,Canada,56.2475806,-120.8646357,British Columbia,Fort St. John,,,,CAD,,,0,0,,0,,,,1,1,2,6/7/17,100,FALSE,,flexible,,,,,,,37,1038,259,3PM - 11PM,9AM,1,7,4,TRUE,4.8,14691937,34073170,https://www.airbnb.com/rooms/14691937,https://a0.muscache.com/im/pictures/199cb142-d0ac-4d7a-a5a6-d769f370e1df.jpg?aki_policy=x_large,,,,
ab-24940898,1 Private room in apartment!,Apartment,Private room,5/9/18,7-10-18,Canada,56.24817246,-120.8354672,British Columbia,Fort St. John,,,,CAD,31.15,40,1277,1640,0.5,9,41,41,71,1,1,2,7/8/18,60,FALSE,,Flexible policy –  Free cancellation within 48 hours,,,,,,,32,881,220,After 2PM,11AM,1,11,5,TRUE,4.9,24940898,83063369,https://www.airbnb.com/rooms/24940898,https://a0.muscache.com/im/pictures/3982c17c-53c0-4fc9-8924-52fcae7c678f.jpg?aki_policy=x_large,,,,
ab-22496151,Quaint room in family home,House,Private room,1/6/18,8-3-18,Canada,56.23315512,-120.8274882,British Columbia,Fort St. John,,,,CAD,31.41,40,2136,2720,0.986,9,68,1,23,1,1,1,7/31/18,100,TRUE,,Flexible policy –  Free cancellation within 48 hours,,,,,,,31,859,215,5PM - 9PM,,1,9,1,TRUE,4.9,22496151,6746241,https://www.airbnb.com/rooms/22496151,https://a0.muscache.com/im/pictures/58b80d12-463f-4113-90ad-a837a25f4841.jpg?aki_policy=x_large,,,,
ab-8509442,Ideal short-stay in FSJ !,Condominium,Entire home/apt,9/21/15,5-24-19,Canada,56.24359,-120.87027,British Columbia,Fort St. John,,,,CAD,116.62,151.04,3732,4833,0.288,8,32,79,73,2,2,4,4/13/19,100,FALSE,,Strict - Free cancellation for 48 hours,260,350,60,80,19,25,157,1377,610,After 3PM,12PM (noon),2,22,13,TRUE,4.8,8509442,44810286,https://www.airbnb.com/rooms/8509442,https://a0.muscache.com/im/pictures/108153263/df633e30_original.jpg?aki_policy=x_large,,,,
ab-22142513,Large family home,House,Entire home/apt,12/9/17,5-22-19,Canada,56.25341,-120.82718,British Columbia,Fort St. John,,,,CAD,169.6,217.92,4240,5448,0.51,3,25,24,13,3,3,6,1/17/18,,FALSE,,Flexible - Free cancellation for 48 hours,,,112,150,19,25,262,2099,525,Flexible,12PM (noon),3,0,3,TRUE,,22142513,62018865,https://www.airbnb.com/rooms/22142513,https://a0.muscache.com/im/pictures/e479fffa-c4ba-401d-a244-68aa965ea3da.jpg?aki_policy=x_large,,,,
ab-23337080,Daily/weekly/monthly,Townhouse,Private room,2/20/18,5-15-18,Canada,55.73974718,-120.2280093,British Columbia,Dawson Creek,,,,CAD,28,35,84,105,0.097,0,3,28,0,1,1.5,1,3/20/18,50,FALSE,,Flexible,,,,,,,28,880,220,,,1,0,3,TRUE,,23337080,173088945,https://www.airbnb.com/rooms/23337080,https://a0.muscache.com/im/pictures/bbedaa14-79e7-45ce-898e-c742d6e58272.jpg?aki_policy=x_large,,,,
ab-22251157,Cozy home away from home.,House,Private room,1/6/18,8-9-18,Canada,55.69911606,-121.6473779,British Columbia,Chetwynd,,,,CAD,46.09,60,8435,10980,0.622,95,183,111,10,1,1,1,6/18/18,100,FALSE,,Flexible policy –  Free cancellation within 48 hours,,,,,15,20,46,1288,322,Flexible,12PM (noon),1,3,13,TRUE,5,22251157,60637683,https://www.airbnb.com/rooms/22251157,https://a0.muscache.com/im/pictures/dfce10ef-d6de-45ae-ae9a-d788e03139c5.jpg?aki_policy=x_large,,,,
ab-23382552,warm and cozy family,House,Entire home/apt,2/22/18,5-22-19,Canada,55.75053,-120.25523,British Columbia,Dawson Creek,,,,CAD,,,0,0,,0,,,,4,2.5,5,2/20/18,,FALSE,,Flexible - Free cancellation for 48 hours,,,,,,,134,4181,1045,After 3PM,,7,0,26,TRUE,,23382552,174317282,https://www.airbnb.com/rooms/23382552,https://a0.muscache.com/im/pictures/9c28aa97-3ab6-4e1a-bcae-6333ecc367b7.jpg?aki_policy=x_large,,,,
ab-23394912,Why stay in a hotel? When you could stay at home!,House,Entire home/apt,2/22/18,5-23-19,Canada,55.75569,-120.23569,British Columbia,Dawson Creek,,,,CAD,91.05,120,7102,9360,0.429,9,78,104,0,2,1,2,3/28/18,100,FALSE,,Moderate - Free cancellation for 48 hours,1888,2500,,,60,80,91,2537,634,3PM - 10PM,11AM,2,3,5,TRUE,5,23394912,127435570,https://www.airbnb.com/rooms/23394912,https://a0.muscache.com/im/pictures/516e8478-7ccd-459c-8e66-4e15815e3b61.jpg?aki_policy=x_large,,,,
ab-24187440,Executive home - 4 bedrooms,House,Entire home/apt,4/6/18,4-27-18,Canada,55.77799684,-120.2515435,British Columbia,Dawson Creek,,,,CAD,,,0,0,,0,,,,4,2.5,8,4/13/18,75,FALSE,,Strict,203,250,122,150,,,280,3859,965,3PM - 10PM,12PM (noon),5,0,6,TRUE,,24187440,1346829,https://www.airbnb.com/rooms/24187440,https://a0.muscache.com/im/pictures/097d8a61-a712-4227-b8d9-65ce285d2762.jpg?aki_policy=x_large,,,,
ab-22595345,A house in a nice neighbourhood,Townhouse,Private room,1/6/18,5-3-18,Canada,56.23394266,-120.8104976,British Columbia,Fort St. John,,,,CAD,39,48.18,234,289,0.065,5,6,86,0,1,1,1,2/12/18,100,FALSE,,Strict,,,6,7,6,,35,1152,288,Flexible,10AM,1,6,3,TRUE,5,22595345,166181552,https://www.airbnb.com/rooms/22595345,https://a0.muscache.com/im/pictures/d7b73115-0335-485e-a121-cb374f370c32.jpg?aki_policy=x_large,,,,
ab-30326901,"Dawson creek, canada Single family home",House,Entire home/apt,12/11/18,12-11-18,Canada,55.76285361,-120.2178775,British Columbia,Dawson Creek,,,,,71.38,94.85,1142,1518,0.516,1,16,15,0,3,2,3,11/27/18,100,FALSE,,Moderate - Free cancellation for 48 hours,,,75,100,,,139,3777,944,12PM (noon) - 10PM,11AM,3,0,9,TRUE,,30326901,175172637,https://www.airbnb.com/rooms/30326901,https://a0.muscache.com/im/pictures/e8c02b7b-dc71-4819-a127-f8bc52eb309f.jpg?aki_policy=x_large,,,,
ab-25049410,Fully separate 2 bedroom basement suite. All yours,Apartment,Entire home/apt,5/14/18,5-30-18,Canada,55.7799291,-120.2534729,British Columbia,Dawson Creek,,,,CAD,95,120,285,360,0.111,2,3,24,4,2,1,4,5/13/18,75,FALSE,,Strict,,,,,,,95,2660,665,After 3PM,12PM (noon),3,1,6,TRUE,,25049410,1346829,https://www.airbnb.com/rooms/25049410,https://a0.muscache.com/im/pictures/dade737f-8078-403e-8669-546aba2d0395.jpg?aki_policy=x_large,,,,
ab-23483902,Home away from home,House,Private room,8/23/18,5-20-19,Canada,56.25115,-120.85086,British Columbia,Fort St. John,,,,CAD,38.8,51.61,3958,5264,0.689,15,102,46,36,1,1,1,5/7/19,100,FALSE,,Flexible - Free cancellation for 48 hours,,,15,20,,,52,1032,258,After 3PM,11AM,1,4,5,TRUE,4.8,23483902,48463232,https://www.airbnb.com/rooms/23483902,https://a0.muscache.com/im/pictures/647a56c4-2f06-4320-823d-5d0d6c871bd6.jpg?aki_policy=x_large,,,,
ab-22670767,"Clean, Comfortable and Great location!",House,Private room,1/12/18,5-20-19,Canada,56.25712,-120.86069,British Columbia,Fort St. John,,,,CAD,45.36,58.96,3357,4363,0.477,12,74,81,60,1,1,1,5/11/19,100,FALSE,,Moderate - Free cancellation for 48 hours,,,11,15,15,20,53,1164,291,Flexible,10AM,2,12,7,TRUE,4.9,22670767,5449231,https://www.airbnb.com/rooms/22670767,https://a0.muscache.com/im/pictures/eb45347d-8e44-403a-82ec-c5cb690aca91.jpg?aki_policy=x_large,,,,
ab-27574359,Amazing room in very affordable price!!,House,Private room,8/9/18,5-23-19,Canada,55.76198,-120.22244,British Columbia,Dawson Creek,,,,CAD,44.97,58.62,2608,3400,0.542,5,58,49,44,1,1,1,5/2/19,100,FALSE,,Moderate - Free cancellation for 48 hours,,,15,20,15,20,59,1547,387,After 12PM (noon),12AM (midnight),7,1,6,TRUE,5,27574359,157218138,https://www.airbnb.com/rooms/27574359,https://a0.muscache.com/im/pictures/1776cbe7-5611-4b16-b5fd-b2a7fad37d6f.jpg?aki_policy=x_large,,,,
ab-28408096,Cozy and Quite,House,Entire home/apt,9/10/18,5-21-19,Canada,55.74911,-120.23677,British Columbia,Dawson Creek,,,,CAD,60.03,79.71,6904,9167,0.816,8,115,26,43,2,1,4,5/14/19,100,FALSE,,Moderate - Free cancellation for 48 hours,187,250,75,100,,,128,1777,444,After 3PM,12PM (noon),3,3,5,TRUE,5,28408096,76669974,https://www.airbnb.com/rooms/28408096,https://a0.muscache.com/im/pictures/e377d433-5d47-45fe-9960-156f48a694a2.jpg?aki_policy=x_large,,,,
ab-29338870,Private Suite in the Center of FSJ,Guest suite,Entire home/apt,10/29/18,5-24-19,Canada,56.24969,-120.83538,British Columbia,Fort St. John,,,,CAD,57.33,76.86,2408,3228,0.467,11,42,48,32,1,1,4,4/12/19,100,FALSE,,Flexible - Free cancellation for 48 hours,,,15,20,,,65,1808,452,Flexible,,1,4,15,TRUE,4.8,29338870,50901192,https://www.airbnb.com/rooms/29338870,https://a0.muscache.com/im/pictures/4c05f741-e0c0-47c7-9493-7f78f5a226c5.jpg?aki_policy=x_large,,,,
ab-25131737,Affordable and very spacious basement suite!,House,Entire home/apt,6/8/18,5-22-19,Canada,55.76196,-120.22038,British Columbia,Dawson Creek,,,,CAD,59.73,78.51,896,1178,1,3,15,0,46,1,1,2,5/2/19,100,FALSE,,Moderate - Free cancellation for 48 hours,149,200,15,20,11,15,70,1442,361,10AM - 9PM,1PM,7,2,10,TRUE,5,25131737,157218138,https://www.airbnb.com/rooms/25131737,https://a0.muscache.com/im/pictures/59c2cc6f-7120-40d4-8645-a4941362cbe8.jpg?aki_policy=x_large,,,,
ab-31518949,Spacious 1 BR 1 BA Basement Guest Suite w/ Laundry,Guest suite,Entire home/apt,2/25/19,5-23-19,Canada,55.77111,-120.23067,British Columbia,Dawson Creek,,,,CAD,56,76,280,380,0.263,4,5,14,11,1,1,2,5/17/19,100,FALSE,,Flexible - Free cancellation for 48 hours,188,250,,,,,53,1470,368,4PM - 10PM,11AM,1,6,7,TRUE,5,31518949,54993518,https://www.airbnb.com/rooms/31518949,https://a0.muscache.com/im/pictures/c955389a-7da6-47c6-9dd5-74d406f27972.jpg?aki_policy=x_large,,,,
ab-22705094,Recreational Escape,House,Entire home/apt,1/13/18,5-24-19,Canada,55.12884,-120.99193,British Columbia,Tumbler Ridge,,,,CAD,89.54,116.81,14595,19040,0.517,31,163,152,19,3,1,7,4/23/19,100,FALSE,,Strict - Free cancellation for 48 hours,114,150,38,50,8,10,121,2650,663,After 3PM,11AM,2,14,12,TRUE,4.5,22705094,167437394,https://www.airbnb.com/rooms/22705094,https://a0.muscache.com/im/pictures/8228aed5-e600-4a70-8366-269ec95c30c9.jpg?aki_policy=x_large,,,,
ab-30465848,Your Home away from Home,Bed and breakfast,Private room,12/11/18,5-23-19,Canada,55.77569,-120.25757,British Columbia,Dawson Creek,,,,CAD,,,0,0,,0,,,,1,1,2,12/2/18,100,FALSE,,Flexible - Free cancellation for 48 hours,,,,,,,71,1999,500,,11AM,3,0,4,TRUE,,30465848,9407289,https://www.airbnb.com/rooms/30465848,https://a0.muscache.com/im/pictures/805fa4a0-c8cd-4c0b-bc75-3fb2a900419f.jpg?aki_policy=x_large,,,,
ab-24337055,"Surrounded by forests and streams,",Apartment,Private room,4/11/18,7-2-18,Canada,55.69441164,-121.6357468,British Columbia,Chetwynd,,,,CAD,,,0,0,,0,,,,0,1,5,4/11/18,,FALSE,,Flexible policy –  Free cancellation within 48 hours,,,,,,,212,5941,1485,After 8AM,,1,0,3,TRUE,,24337055,18333006,https://www.airbnb.com/rooms/24337055,https://a0.muscache.com/im/pictures/636516d6-13e8-4b9e-ab16-9ec79eb1ef74.jpg?aki_policy=x_large,,,,
ab-25191822,The Cottage  one Bdrm Basement Suite,House,Entire home/apt,5/22/18,10-9-18,Canada,55.77706095,-120.2558695,British Columbia,Dawson Creek,,,,CAD,,,0,0,,0,,,,1,1,2,9/18/18,100,TRUE,,Flexible - Free cancellation for 48 hours,,,,,,,124,3458,865,12PM (noon) - 10PM,,1,0,5,TRUE,,25191822,5178325,https://www.airbnb.com/rooms/25191822,https://a0.muscache.com/im/pictures/01b7c7d8-0afd-4008-87c3-85c1b64b91ec.jpg?aki_policy=x_large,,,,
ab-25208534,The Cottage House in Dawson Creek,House,Entire home/apt,5/22/18,5-22-19,Canada,55.77696,-120.25573,British Columbia,Dawson Creek,,,,CAD,163.37,210.71,8495,10957,0.598,8,52,35,35,3,2,6,4/11/19,100,TRUE,,Flexible - Free cancellation for 48 hours,,,,,22,30,157,4383,1096,12PM (noon) - 10PM,,1,7,10,TRUE,5,25208534,5178325,https://www.airbnb.com/rooms/25208534,https://a0.muscache.com/im/pictures/a77a837f-7a85-485b-ab67-318134e084e4.jpg?aki_policy=x_large,,,,
ab-30504048,Bright and new 3 Bedroom Townhouse!,House,Entire home/apt,12/17/18,3-15-19,Canada,56.26294,-120.85151,British Columbia,Fort St. John,,,,CAD,81,110,81,110,0.034,1,1,28,2,3,2.5,6,12/3/18,0,FALSE,,Flexible - Free cancellation for 48 hours,,,,,,,83,2334,583,3PM - 7PM,,14,0,10,TRUE,,30504048,228262702,https://www.airbnb.com/rooms/30504048,https://a0.muscache.com/im/pictures/b3b5447d-a7b5-481a-ac77-218522227fa0.jpg?aki_policy=x_large,,,,
ab-22753900,Your home away from home,House,Private room,1/22/18,8-20-18,Canada,56.25288797,-120.8470011,British Columbia,Fort St. John,,,,CAD,,,0,0,,0,,,,1,1,2,2/23/18,100,FALSE,,Flexible - Free cancellation for 48 hours,,,,,,,24,1023,256,After 3PM,12PM (noon),1,16,4,TRUE,4.5,22753900,48463232,https://www.airbnb.com/rooms/22753900,https://a0.muscache.com/im/pictures/f82f0aff-771f-4fdb-8b96-bea914982272.jpg?aki_policy=x_large,,,,
ab-34065306,Clean and Comfort,Bed and breakfast,Private room,4/27/19,5-20-19,Canada,56.23511,-120.8428,British Columbia,Fort St. John,,,,CAD,,,0,0,,0,,,,1,1,2,4/22/19,100,FALSE,,Flexible - Free cancellation for 48 hours,,,,,,,,,,After 3PM,,1,1,2,TRUE,5,34065306,257243106,https://www.airbnb.com/rooms/34065306,https://a0.muscache.com/im/pictures/8ec67f94-8455-4d13-92fa-3226795300c5.jpg?aki_policy=x_large,,,,
ab-29520451,Private 3 Bed Upstairs Suite,House,Entire home/apt,11/5/18,5-11-19,Canada,56.24441,-120.83282,British Columbia,Fort St. John,,,,CAD,53.55,71.15,8407,11170,0.957,20,157,7,17,3,1.5,3,4/6/19,100,FALSE,,Moderate - Free cancellation for 48 hours,,,19,25,,,71,1277,319,After 12PM (noon),12PM (noon),2,11,6,TRUE,4.7,29520451,110379299,https://www.airbnb.com/rooms/29520451,https://a0.muscache.com/im/pictures/8dda0d5c-add5-438c-9715-65403df2e0af.jpg?aki_policy=x_large,,,,
ab-28515389,condo,Condominium,Entire home/apt,10/6/18,5-23-19,Canada,56.24988,-120.87056,British Columbia,Fort St. John,,,,CAD,60.03,80,3482,4640,0.682,11,58,27,66,2,2,4,5/13/19,100,FALSE,,Flexible - Free cancellation for 48 hours,,,,,,,61,1702,425,After 3PM,12PM (noon),4,1,8,TRUE,5,28515389,109258161,https://www.airbnb.com/rooms/28515389,https://a0.muscache.com/im/pictures/8d3fdac0-ee63-4cf4-a54f-972a8aef2473.jpg?aki_policy=x_large,,,,
ab-27709019,Dawson Creek Guest Suite,Guest suite,Entire home/apt,8/13/18,12-11-18,Canada,55.76104293,-120.2176686,British Columbia,Dawson Creek,,,,CAD,,,0,0,,0,,,,2,1,2,11/11/18,100,FALSE,,Flexible - Free cancellation for 48 hours,377,500,75,100,,,139,1899,475,After 3PM,11AM,1,0,5,TRUE,,27709019,175172637,https://www.airbnb.com/rooms/27709019,https://a0.muscache.com/im/pictures/93016ba6-d856-47a6-946d-bcaad2373d6a.jpg?aki_policy=x_large,,,,
ab-24443637,4 Bedroom Furnished Executive Duplex,Townhouse,Entire home/apt,4/18/18,4-18-18,Canada,55.77919924,-120.2534302,British Columbia,Dawson Creek,,,,,,,0,0,,0,,,,4,2.5,8,4/16/18,100,FALSE,,Flexible,,,,,,,180,5740,1435,Flexible,,3,0,7,TRUE,,24443637,65622115,https://www.airbnb.com/rooms/24443637,https://a0.muscache.com/im/pictures/7f7f1016-b945-43d4-a78c-51a5fb1f10ce.jpg?aki_policy=x_large,,,,
ab-27730521,Sweet B,Apartment,Entire home/apt,8/18/18,5-24-19,Canada,55.75468,-120.231,British Columbia,Dawson Creek,,,,CAD,96.6,129.68,6086,8170,0.558,8,63,50,38,2,1,4,4/27/19,100,FALSE,,Flexible - Free cancellation for 48 hours,,,,,7,10,97,2713,678,After 3PM,11AM,2,8,9,TRUE,4.8,27730521,166044370,https://www.airbnb.com/rooms/27730521,https://a0.muscache.com/im/pictures/1a017b35-819e-4523-a6fa-88e657839c8e.jpg?aki_policy=x_large,,,,
ab-29568447,Cozy Basement suite with easy access to amenities,House,Entire home/apt,11/5/18,5-24-19,Canada,55.74739,-120.23734,British Columbia,Dawson Creek,,,,CAD,47.92,64.07,6421,8586,0.802,14,134,33,14,1,1,3,4/23/19,100,FALSE,,Moderate - Free cancellation for 48 hours,187,250,75,100,,,116,1091,273,After 3PM,12PM (noon),3,5,7,TRUE,4.6,29568447,96158244,https://www.airbnb.com/rooms/29568447,https://a0.muscache.com/im/pictures/8e8b4808-b504-469c-85f1-1a0c980025a7.jpg?aki_policy=x_large,,,,
ab-25297278,3 Bedroom - 2 Bathroom Home,Townhouse,Entire home/apt,5/23/18,5-22-19,Canada,56.23336,-120.81723,British Columbia,Fort St. John,,,,CAD,89.18,116.59,14179,18539,0.697,51,159,69,137,3,2,6,4/25/19,96,TRUE,,Strict - Free cancellation for 48 hours,,,56,75,,,123,2415,604,After 4PM,10AM,1,35,7,TRUE,4.8,25297278,34172894,https://www.airbnb.com/rooms/25297278,https://a0.muscache.com/im/pictures/c1bea39a-039b-455a-bc62-14d05b091697.jpg?aki_policy=x_large,,,,
ab-22851251,"Clean, Non-smoking, Pet-free home",Private room in townhouse,Private room,1/22/18,1-25-18,Canada,56.24503982,-120.8210424,British Columbia,Fort St. John,,,,CAD,,,0,0,,0,,,,1,1.5,1,1/21/18,,FALSE,,flexible,,,,,,,31,877,219,Anytime after 3PM,,1,0,4,TRUE,,22851251,151543945,https://www.airbnb.com/rooms/22851251,https://a0.muscache.com/im/pictures/74a9b1b7-a74b-4856-b40c-503de80a1b6c.jpg?aki_policy=x_large,,,,
ab-25323879,Home for now,House,Entire home/apt,6/29/18,5-22-19,Canada,55.74722,-120.23854,British Columbia,Dawson Creek,,,,CAD,77.5,103.22,5890,7845,0.76,14,76,24,51,3,1,5,5/7/19,100,FALSE,,Moderate - Free cancellation for 48 hours,187,250,97,130,19,25,157,1594,398,Flexible,12PM (noon),3,2,8,TRUE,4,25323879,76669974,https://www.airbnb.com/rooms/25323879,https://a0.muscache.com/im/pictures/d1abe78e-a984-44b9-bbb8-8e124b0e53c9.jpg?aki_policy=x_large,,,,
ab-22929288,3 Bedroom Fully Furnished Everything Included!,Townhouse,Entire home/apt,2/6/18,5-23-19,Canada,55.76038,-120.24737,British Columbia,Dawson Creek,,,,CAD,,,0,0,,0,,,,3,2,3,8/24/18,100,FALSE,,Strict - Free cancellation for 48 hours,938,1250,113,150,,,177,1806,452,3PM - 12AM (midnight),12PM (noon),29,0,11,TRUE,,22929288,53613798,https://www.airbnb.com/rooms/22929288,https://a0.muscache.com/im/pictures/bbb1197d-db37-4507-9b63-76ed91f20f16.jpg?aki_policy=x_large,,,,
ab-23685544,1 BEDROOM FURNISHED Rental ALL UTILITIES INCLUDED!,Apartment,Entire home/apt,3/20/18,5-20-19,Canada,55.76602,-120.24032,British Columbia,Dawson Creek,,,,CAD,,,0,0,,0,,,,1,1,1,4/16/18,100,FALSE,,Strict - Free cancellation for 48 hours,524,700,75,100,,,111,1007,252,3PM - 10PM,12PM (noon),29,0,6,TRUE,,23685544,53613798,https://www.airbnb.com/rooms/23685544,https://a0.muscache.com/im/pictures/490f3202-d0e8-4805-88c2-b16f9ad177d7.jpg?aki_policy=x_large,,,,
ab-25357160,Modern Spacious Suite,Guest suite,Entire home/apt,8/17/18,10-29-18,Canada,56.26249694,-120.8423599,British Columbia,Fort St. John,,,,CAD,81.67,106.04,1307,1697,0.457,4,16,19,26,2,1,4,10/5/18,100,FALSE,,Flexible - Free cancellation for 48 hours,229,300,50,65,8,10,122,2030,508,2PM - 11PM,12PM (noon),3,1,4,TRUE,5,25357160,14039747,https://www.airbnb.com/rooms/25357160,https://a0.muscache.com/im/pictures/27e869b1-9edf-481c-bef2-eb1cd28b8fb7.jpg?aki_policy=x_large,,,,
ab-25375869,Hotel,Room in boutique hotel,Private room,6/8/18,5-24-19,Canada,55.76007,-120.22648,British Columbia,Dawson Creek,,,,CAD,61.27,80,3615,4720,0.25,8,59,177,5,1,1,1,11/14/18,100,FALSE,,Moderate - Free cancellation for 48 hours,,,,,,,61,1696,424,After 3PM,12PM (noon),2,6,7,TRUE,4.2,25375869,131079842,https://www.airbnb.com/rooms/25375869,https://a0.muscache.com/im/pictures/030330e0-139e-48f8-880f-cd02ea687cf3.jpg?aki_policy=x_large,,,,
ab-23730276,Bright and comfortable,House,Private room,6/8/18,5-22-19,Canada,56.23939,-120.80561,British Columbia,Fort St. John,,,,CAD,54.61,71.57,6935,9089,0.439,39,127,162,15,1,1,2,3/19/19,100,TRUE,,Flexible - Free cancellation for 48 hours,,,38,50,,,86,1575,394,After 3PM,2PM,1,14,11,TRUE,5,23730276,134318449,https://www.airbnb.com/rooms/23730276,https://a0.muscache.com/im/pictures/85076caf-f2bb-464c-955f-f97afba58e92.jpg?aki_policy=x_large,,,,
ab-25430943,"clean, quiet, healthy living home",Bungalow,Private room,6/8/18,6-8-18,Canada,56.23316059,-120.8289617,British Columbia,Fort St. John,,,,,32,40,416,520,0.228,2,13,44,4,0,1,1,5/28/18,100,FALSE,,Flexible,,,,,,,32,890,223,5PM - 9PM,,1,0,2,TRUE,,25430943,98304703,https://www.airbnb.com/rooms/25430943,https://a0.muscache.com/im/pictures/6e703def-d14b-4cca-8d43-8bf77acd16cc.jpg?aki_policy=x_large,,,,
ab-26277617,Easy/Comfortable Home Away From Home,House,Private room,6/29/18,7-17-18,Canada,55.76769394,-120.2267948,British Columbia,Dawson Creek,,,,CAD,,,0,0,,0,,,,1,1,2,7/13/18,100,TRUE,,Flexible policy –  Free cancellation within 48 hours,,,,,,,42,1168,292,3PM - 10PM,10AM,5,0,5,TRUE,,26277617,1207701,https://www.airbnb.com/rooms/26277617,https://a0.muscache.com/im/pictures/d94c6661-9335-4b49-8dcb-4aa0c5e942c9.jpg?aki_policy=x_large,,,,
ab-24574180,Queen bed and private bathroom in townhouse,Townhouse,Private room,4/23/18,7-11-18,Canada,56.24770549,-120.8634617,British Columbia,Fort St. John,,,,CAD,37.83,49.39,3405,4445,0.776,12,90,26,37,1,1,2,6/27/18,100,FALSE,,Flexible policy –  Free cancellation within 48 hours,,,8,10,8,10,42,962,241,3PM - 11PM,,1,3,5,TRUE,5,24574180,34073170,https://www.airbnb.com/rooms/24574180,https://a0.muscache.com/im/pictures/d3939fe1-56ac-49ee-9cb8-a2f20d5b101b.jpg?aki_policy=x_large,,,,
ab-31960314,Warm & Cozy Home Away from Home!,House,Entire home/apt,2/9/19,5-24-19,Canada,55.77232,-120.25644,British Columbia,Dawson Creek,,,,CAD,82.49,110.38,1650,2208,0.8,5,20,5,6,3,1,4,5/17/19,86,FALSE,,Flexible - Free cancellation for 48 hours,,,57,75,,,118,1703,426,Flexible,12PM (noon),1,3,22,TRUE,5,31960314,141795935,https://www.airbnb.com/rooms/31960314,https://a0.muscache.com/im/pictures/ed56d208-09d6-4cde-bd48-7e044d8c5994.jpg?aki_policy=x_large,,,,
ab-31990335,Fort St. John Motor Inn,Room in hotel,Private room,2/25/19,5-24-19,Canada,56.25232,-120.85146,British Columbia,Fort St. John,,,,CAD,52.36,70,576,770,0.204,5,11,43,35,1,1,2,2/8/19,100,FALSE,,Flexible - Free cancellation for 48 hours,,,,,,,52,1469,367,3PM - 2AM (next day),,1,3,8,TRUE,3.6,31990335,97645160,https://www.airbnb.com/rooms/31990335,https://a0.muscache.com/im/pictures/60bb4b71-ea37-4163-9481-bad2603161d8.jpg?aki_policy=x_large,,,,
ab-31993256,Cozy and quiet place,Apartment,Shared room,2/25/19,5-23-19,Canada,56.24728,-120.83947,British Columbia,Fort St. John,,,,CAD,,,0,0,,0,,,,1,,2,2/2/19,,FALSE,,Flexible - Free cancellation for 48 hours,,,,,,,30,837,209,12PM (noon) - 9PM,12PM (noon),1,0,1,TRUE,,31993256,190031806,https://www.airbnb.com/rooms/31993256,https://a0.muscache.com/im/pictures/010b1c36-1997-4f06-a543-dc9f1018ce69.jpg?aki_policy=x_large,,,,
ab-25459758,Comfortable private apartment,Apartment,Entire home/apt,6/17/18,5-23-19,Canada,55.76646,-120.23083,British Columbia,Dawson Creek,,,,CAD,56.28,73.66,2983,3904,0.662,4,53,27,12,0,1,1,4/30/19,100,FALSE,,Strict - Free cancellation for 48 hours,190,250,27,35,15,20,80,1487,372,After 1PM,12PM (noon),7,0,9,TRUE,,25459758,104149516,https://www.airbnb.com/rooms/25459758,https://a0.muscache.com/im/pictures/0394c033-7304-4ec0-99d9-df2d73a9a365.jpg?aki_policy=x_large,,,,
ab-33143673,Beautifully furnished 2 bedroom plus den suite,Apartment,Entire home/apt,3/24/19,3-24-19,Canada,56.24255,-120.85295,British Columbia,Fort St. John,,,,,48,64,960,1280,0.667,1,20,10,0,2,1,3,3/22/19,100,FALSE,,Flexible - Free cancellation for 48 hours,,,,,,,48,1334,334,Flexible,,5,0,8,TRUE,,33143673,64659381,https://www.airbnb.com/rooms/33143673,https://a0.muscache.com/im/pictures/95173bce-48e5-4993-a8fb-c6e0f0bad49a.jpg?aki_policy=x_large,,,,
ab-32034271,Spacious 1 BR near downtown - 3 Min walk !,Condominium,Entire home/apt,3/14/19,5-24-19,Canada,56.24305,-120.85328,British Columbia,Fort St. John,,,,CAD,33,44,627,836,0.704,1,19,8,3,1,1,3,3/29/19,100,FALSE,,Flexible - Free cancellation for 48 hours,,,,,,,33,1321,330,Flexible,,2,1,2,TRUE,,32034271,83844786,https://www.airbnb.com/rooms/32034271,https://a0.muscache.com/im/pictures/6513f5c6-cac1-4fcb-82e6-9de54781c8ce.jpg?aki_policy=x_large,,,,
ab-29856417,3 Bedroom Half Duplex - Fully Furnished,House,Entire home/apt,11/20/18,5-21-19,Canada,56.2638,-120.85068,British Columbia,Fort St. John,,,,CAD,97.33,130.68,2044,2744,0.21,3,21,79,20,3,2.5,3,4/29/19,100,FALSE,,Strict - Free cancellation for 48 hours,,,145,195,19,25,219,2066,516,2PM - 8PM,11AM,7,3,10,TRUE,5,29856417,215556158,https://www.airbnb.com/rooms/29856417,https://a0.muscache.com/im/pictures/473071d9-d33e-4e00-b364-69d5dc14aa27.jpg?aki_policy=x_large,,,,
ab-24717838,"Room inside a house, in middle of towm",House,Private room,5/5/18,5-14-18,Canada,55.74035203,-120.2318502,British Columbia,Dawson Creek,,,,CAD,15,19,15,19,0.032,1,1,30,0,1,1,1,4/29/18,50,FALSE,,Flexible,,,,,,,15,653,163,Flexible,12AM (midnight),1,0,1,TRUE,,24717838,173088945,https://www.airbnb.com/rooms/24717838,https://a0.muscache.com/im/pictures/f10b1b6c-662d-41c0-a75f-9b1d0b108e64.jpg?aki_policy=x_large,,,,
ab-27967287,Beautiful Large Executive home with City view,House,Entire home/apt,8/25/18,2-26-19,Canada,55.7599,-120.23677,British Columbia,Dawson Creek,,,,CAD,151.23,197.16,4537,5915,0.5,1,30,30,1,4,4,6,8/23/18,100,FALSE,,Strict - Free cancellation for 48 hours,378,500,227,300,,,383,4381,1095,After 4PM,10AM,2,1,12,TRUE,5,27967287,172604683,https://www.airbnb.com/rooms/27967287,https://a0.muscache.com/im/pictures/43409f7f-5dc0-466a-8d23-81817284b82a.jpg?aki_policy=x_large,,,,
ab-23900198,"3 bd duplex furnished all utilities,month to month",Condominium,Entire home/apt,3/21/18,8-17-18,Canada,55.75016328,-120.2464299,British Columbia,Dawson Creek,,,,CAD,65,85,2015,2635,0.5,1,31,31,0,3,1.5,3,3/20/18,100,FALSE,,Flexible policy –  Free cancellation within 48 hours,,,,,,,65,1271,318,8AM - 9PM,,30,0,8,TRUE,,23900198,179615754,https://www.airbnb.com/rooms/23900198,https://a0.muscache.com/im/pictures/3898ef46-bdcd-4e16-9b73-93fb5071e0b7.jpg?aki_policy=x_large,,,,
ab-23900870,Reservations are not accepted for March,House,Entire home/apt,3/21/18,3-24-18,Canada,56.23796231,-120.8146709,British Columbia,Fort St. John,,,,USD,,,0,0,,0,,,,3,3,3,3/20/18,,,,,,,,,,,72,1586,397,8AM - 11PM,12PM (noon),1,0,3,TRUE,,23900870,67977323,https://www.airbnb.com/rooms/23900870,https://a0.muscache.com/im/pictures/c9596e83-4c22-420e-a762-44e4c2f999b0.jpg?aki_policy=x_large,,,,
ab-29900880,"Cozy bright 2 bdrm, 1 bath apartment",Apartment,Entire home/apt,11/20/18,5-22-19,Canada,56.23523,-120.82289,British Columbia,Fort St. John,,,,CAD,,,0,0,,0,,,,2,1,4,5/6/19,70,FALSE,,Moderate - Free cancellation for 48 hours,,,,,,,53,1490,373,3PM - 8PM,12PM (noon),10,1,6,TRUE,5,29900880,12119673,https://www.airbnb.com/rooms/29900880,https://a0.muscache.com/im/pictures/cf9099a6-fe84-4188-92fd-8b756401cd15.jpg?aki_policy=x_large,,,,
ab-33268257,Furnished bedroom suite for short or longterm rent,Guest suite,Entire home/apt,3/27/19,5-20-19,Canada,55.7617,-120.21699,British Columbia,Dawson Creek,,,,CAD,52.68,70.26,1001,1335,0.317,2,19,41,1,2,1,2,3/22/19,100,FALSE,,Flexible - Free cancellation for 48 hours,,,,,,,49,1359,340,Flexible,12PM (noon),14,0,6,TRUE,,33268257,73437379,https://www.airbnb.com/rooms/33268257,https://a0.muscache.com/im/pictures/4460d316-36af-4025-9e3f-5e7aef83411e.jpg?aki_policy=x_large,,,,
ab-32212137,Executive 5 bedroom - 3 Bathroom,House,Entire home/apt,2/26/19,5-24-19,Canada,55.77535,-120.22589,British Columbia,Dawson Creek,,,,CAD,87.69,117,4472,5967,0.654,12,51,27,11,5,3,6,3/14/19,100,FALSE,,Strict - Free cancellation for 48 hours,,,56,75,5,7,130,2508,627,After 4PM,10AM,1,6,15,TRUE,4.8,32212137,238677420,https://www.airbnb.com/rooms/32212137,https://a0.muscache.com/im/pictures/05879ea2-aac4-446d-827b-be0beea102bc.jpg?aki_policy=x_large,,,,
ab-24757155,An Authors Abode,Bungalow,Private room,5/4/18,9-12-18,Canada,56.24481991,-120.8176467,British Columbia,Fort St. John,,,,CAD,38.49,50.01,3041,3951,0.395,26,79,121,15,1,1,2,8/26/18,100,FALSE,,Flexible - Free cancellation for 48 hours,,,,,,,38,1593,398,4PM - 8PM,10AM,1,9,8,TRUE,4.9,24757155,187175094,https://www.airbnb.com/rooms/24757155,https://a0.muscache.com/im/pictures/47425cfa-8c7f-4a13-9620-feda6f189a0f.jpg?aki_policy=x_large,,,,
ab-24760036,Cozy O' OneSixty,House,Private room,4/17/19,5-22-19,Canada,55.13834,-120.99206,British Columbia,Tumbler Ridge,,,,CAD,39,53,507,689,0.433,1,13,17,0,1,1,2,5/16/19,,FALSE,,Flexible - Free cancellation for 48 hours,,,,,,,,,,3PM - 9PM,12PM (noon),1,0,11,TRUE,,24760036,6610034,https://www.airbnb.com/rooms/24760036,https://a0.muscache.com/im/pictures/e6e789dc-ccad-49dd-8579-02f7eab9eef3.jpg?aki_policy=x_large,,,,
ab-32268499,Clean & Comfortable Private Room With Bathroom!,Townhouse,Private room,3/18/19,5-21-19,Canada,55.76029,-120.25071,British Columbia,Dawson Creek,,,,CAD,52,70,520,700,0.164,4,10,51,0,1,1,2,4/23/19,100,FALSE,,Flexible - Free cancellation for 48 hours,,,,,,,52,1470,367,4PM - 9PM,,1,2,8,TRUE,5,32268499,69657094,https://www.airbnb.com/rooms/32268499,https://a0.muscache.com/im/pictures/aa22343d-6793-455e-9af6-366223065ab9.jpg?aki_policy=x_large,,,,
ab-34478841,Lodge in Taylor B.C.,Room in hotel,Private room,5/13/19,5-21-19,Canada,56.15838,-120.68684,British Columbia,Taylor,,,,CAD,,,,,,,,,,1,1,2,5/11/19,,FALSE,,Flexible - Free cancellation for 48 hours,,,,,,,,,,After 3PM,,1,0,5,TRUE,,34478841,260260295,https://www.airbnb.com/rooms/34478841,https://a0.muscache.com/im/pictures/4022a6c3-a8ba-4c54-8426-f43352531aa1.jpg?aki_policy=x_large,,,,
ab-23998050,Beautiful large 2 bedroom home.,House,Entire home/apt,4/2/18,4-30-18,Canada,55.75269477,-120.2395171,British Columbia,Dawson Creek,,,,CAD,89.32,111.65,2769,3461,1,1,31,0,0,2,1,4,4/4/18,75,FALSE,,Flexible,164,200,41,50,,,131,2519,630,After 3PM,,7,0,7,TRUE,,23998050,1346829,https://www.airbnb.com/rooms/23998050,https://a0.muscache.com/im/pictures/ef4680a4-1371-4805-86b9-afd1e3a2ca5b.jpg?aki_policy=x_large,,,,
ab-30023369,Beautifully furnished 2 bedroom 2 bathroom condo,Condominium,Entire home/apt,11/26/18,5-19-19,Canada,56.25154,-120.86976,British Columbia,Fort St. John,,,,CAD,64.5,87,129,174,0.032,2,2,60,0,2,2,2,5/10/19,100,FALSE,,Flexible - Free cancellation for 48 hours,,,,,,,71,1981,495,Flexible,12PM (noon),5,1,7,TRUE,5,30023369,64659381,https://www.airbnb.com/rooms/30023369,https://a0.muscache.com/im/pictures/943bb322-d1b1-4f1b-9821-28a7e38ee041.jpg?aki_policy=x_large,,,,
ab-30023783,Beautifully furnished 3 bed 2 bathroom condo,Condominium,Entire home/apt,11/26/18,3-25-19,Canada,56.2493,-120.86824,British Columbia,Fort St. John,,,,CAD,89,118,534,708,0.194,1,6,25,0,2,2,2,3/22/19,100,FALSE,,Flexible - Free cancellation for 48 hours,,,,,,,71,1981,495,Flexible,12PM (noon),5,1,17,TRUE,5,30023783,64659381,https://www.airbnb.com/rooms/30023783,https://a0.muscache.com/im/pictures/943bb322-d1b1-4f1b-9821-28a7e38ee041.jpg?aki_policy=x_large,,,,
ab-28056190,Fort Saint John Farm Stay,Farm stay,Private room,9/12/18,5-22-19,Canada,56.24553,-120.84728,British Columbia,Fort St. John,,,,CAD,,,0,0,,0,,,,1,1,1,8/27/18,,FALSE,,Flexible - Free cancellation for 48 hours,,,,,,,93,2609,652,After 3PM,,1,0,1,TRUE,,28056190,211947201,https://www.airbnb.com/rooms/28056190,https://a0.muscache.com/im/pictures/42c740cb-86b3-4c0b-bfc6-10d2898b438d.jpg?aki_policy=x_large,,,,
ab-33477607,"""A little bit of tranquil""",Apartment,Shared room,4/8/19,5-20-19,Canada,55.77433,-120.22509,British Columbia,Dawson Creek,,,,CAD,22.73,30.82,250,339,0.5,5,11,11,8,1,,2,5/7/19,100,FALSE,,Flexible - Free cancellation for 48 hours,,,,,,,,,,4PM - 8PM,8AM,1,5,19,TRUE,5,33477607,252250340,https://www.airbnb.com/rooms/33477607,https://a0.muscache.com/im/pictures/48bed243-6b5a-465e-8727-6916b3eb7a9e.jpg?aki_policy=x_large,,,,
ab-25785607,Cute and Comfortable Two-Bedroom Home,House,Entire home/apt,6/8/18,5-22-19,Canada,55.7417,-120.22843,British Columbia,Dawson Creek,,,,CAD,67.11,88.66,13354,17642,0.691,43,199,89,46,2,1,3,5/3/19,100,FALSE,,Moderate - Free cancellation for 48 hours,,,34,45,,,94,1575,394,After 3PM,11AM,2,21,9,TRUE,4.5,25785607,14039747,https://www.airbnb.com/rooms/25785607,https://a0.muscache.com/im/pictures/765106cd-0d15-4f2b-8596-542f3e96be71.jpg?aki_policy=x_large,,,,
ab-25804276,Quiet and clean duplex,Townhouse,Private room,6/8/18,7-8-18,Canada,56.24381442,-120.8176172,British Columbia,Fort St. John,,,,CAD,46.14,58.61,323,410,0.226,4,7,24,0,1,2.5,4,7/2/18,75,FALSE,,Flexible policy –  Free cancellation within 48 hours,,,16,20,,,53,1498,374,After 3PM,,1,0,7,TRUE,,25804276,134803534,https://www.airbnb.com/rooms/25804276,https://a0.muscache.com/im/pictures/b49107cf-e03c-434f-bf4d-ea4e7907bfac.jpg?aki_policy=x_large,,,,
ab-25843694,Cozy Home Away From Home,Bungalow,Private room,6/14/18,9-13-18,Canada,56.23869158,-120.8116363,British Columbia,Fort St. John,,,,CAD,58,75,290,375,0.714,4,5,2,24,1,1,2,9/1/18,100,FALSE,,Flexible - Free cancellation for 48 hours,,,,,,,58,2148,537,After 8AM,1PM,1,4,7,TRUE,4,25843694,190862632,https://www.airbnb.com/rooms/25843694,https://a0.muscache.com/im/pictures/73edc7fe-7c48-435b-a226-c452d4795aea.jpg?aki_policy=x_large,,,,
ab-26572500,Gwillim Getaway Tumbler Ridge BC,House,Entire home/apt,7/4/18,10-29-18,Canada,55.13914124,-120.9913609,British Columbia,Tumbler Ridge,,,,CAD,96.57,125,4056,5250,0.592,6,42,29,21,3,2,5,8/31/18,100,FALSE,,Flexible - Free cancellation for 48 hours,,,,,,,96,2675,669,Flexible,,2,0,11,TRUE,,26572500,199815173,https://www.airbnb.com/rooms/26572500,https://a0.muscache.com/im/pictures/0f6b00b7-baa7-4a9a-a4a5-22d479086beb.jpg?aki_policy=x_large,,,,
ab-29102492,Furnished room #1,House,Private room,10/8/18,5-24-19,Canada,56.24286,-120.85345,British Columbia,Fort St. John,,,,CAD,32.84,43.76,3350,4464,0.513,15,102,97,13,1,1,2,5/14/19,100,FALSE,,Strict - Free cancellation for 48 hours,101,133,19,25,8,10,49,1064,266,5PM - 11PM,1PM,1,7,11,TRUE,4.5,29102492,218991988,https://www.airbnb.com/rooms/29102492,https://a0.muscache.com/im/pictures/55d485cf-130c-4607-b5b2-0022d8c4b49e.jpg?aki_policy=x_large,,,,
ab-34705601,PRIVATE 2 Bedroom basement apartment,House,Entire home/apt,5/18/19,5-22-19,Canada,56.23583,-120.82871,British Columbia,Fort St. John,,,,CAD,,,,,,,,,,2,1,2,5/15/19,100,FALSE,,Flexible - Free cancellation for 48 hours,,,,,,,,,,Flexible,12PM (noon),1,0,12,TRUE,,34705601,147441920,https://www.airbnb.com/rooms/34705601,https://a0.muscache.com/im/pictures/027b246c-eade-47f7-8cde-8e8e9e9252bf.jpg?aki_policy=x_large,,,,
ab-31321183,3 Bedroom - 1 Bathroom - Cozy Character Home,House,Entire home/apt,1/16/19,5-24-19,Canada,55.75482,-120.24559,British Columbia,Dawson Creek,,,,CAD,78.01,103.26,6397,8468,0.921,15,82,7,31,3,1,6,3/26/19,96,TRUE,,Strict - Free cancellation for 48 hours,,,56,75,5,7,122,2108,527,After 4PM,11AM,1,13,10,TRUE,4.9,31321183,34172894,https://www.airbnb.com/rooms/31321183,https://a0.muscache.com/im/pictures/86b9ac76-5da0-4996-b42a-c1c2e919230a.jpg?aki_policy=x_large,,,,
ab-30317637,Beautifully furnished 2 bedroom 2 bath condo,Condominium,Entire home/apt,12/11/18,5-18-19,Canada,56.2511,-120.86826,British Columbia,Fort St. John,,,,CAD,72.54,97.33,4425,5937,0.545,11,61,51,8,2,2,2,4/9/19,100,FALSE,,Flexible - Free cancellation for 48 hours,,,,,,,66,1856,464,12PM (noon) - 12AM (midnight),,5,2,8,TRUE,5,30317637,64659381,https://www.airbnb.com/rooms/30317637,https://a0.muscache.com/im/pictures/a2ec8612-8279-4531-8a5d-42c3c515c7d2.jpg?aki_policy=x_large,,,,
ab-30317761,Beautifully furnished 2 bedroom and 2 bath condo,Condominium,Entire home/apt,12/11/18,4-18-19,Canada,56.25084,-120.86909,British Columbia,Fort St. John,,,,CAD,63.61,85.44,1145,1538,0.31,3,18,40,4,2,2,2,4/9/19,100,FALSE,,Flexible - Free cancellation for 48 hours,,,,,,,63,1777,444,12PM (noon) - 12AM (midnight),12PM (noon),5,1,10,TRUE,5,30317761,64659381,https://www.airbnb.com/rooms/30317761,https://a0.muscache.com/im/pictures/969422bc-f0d7-4bd8-8515-7cb3985c9282.jpg?aki_policy=x_large,,,,
ab-33809675,Beautiful 2 bedroom suite in best part of town!,Guest suite,Entire home/apt,4/22/19,5-23-19,Canada,55.77511,-120.25833,British Columbia,Dawson Creek,,,,CAD,74,100,592,800,0.4,1,8,12,10,2,1,2,5/23/19,100,FALSE,,Flexible - Free cancellation for 48 hours,,,,,,,,,,After 3PM,,2,0,4,TRUE,,33809675,255269419,https://www.airbnb.com/rooms/33809675,https://a0.muscache.com/im/pictures/283f2f20-7113-42e5-a5b5-b5284c553483.jpg?aki_policy=x_large,,,,
ab-29259106,Boos RR,Bungalow,Entire home/apt,10/22/18,10-22-18,Canada,55.7112838,-120.1382694,British Columbia,Pouce Coupe,,,,,,,0,0,,0,,,,3,2,6,10/13/18,33,FALSE,,Flexible - Free cancellation for 48 hours,,,,,,,69,1944,486,After 3PM,,1,0,7,TRUE,,29259106,205982712,https://www.airbnb.com/rooms/29259106,https://a0.muscache.com/im/pictures/612f0fa5-f180-48f2-808f-5938f3d62e54.jpg?aki_policy=x_large,,,,
ab-32728483,Furnished Room #2,House,Private room,3/11/19,5-21-19,Canada,56.24429,-120.85502,British Columbia,Fort St. John,,,,CAD,31.8,42.47,954,1274,0.492,6,30,31,0,1,1,2,5/4/19,100,FALSE,,Strict - Free cancellation for 48 hours,,,,,,,,,,5PM - 11PM,1PM,1,4,10,TRUE,3.8,32728483,218991988,https://www.airbnb.com/rooms/32728483,https://a0.muscache.com/im/pictures/83859303-888d-4fc3-9b74-ec7fa3053ba5.jpg?aki_policy=x_large,,,,
ab-33839590,"A clean, refreshing and welcoming House",House,Private room,4/24/19,5-21-19,Canada,56.23209,-120.81789,British Columbia,Fort St. John,,,,CAD,26.33,35.33,79,106,0.75,2,3,1,26,1,1,1,5/6/19,100,FALSE,,Strict - Free cancellation for 48 hours,,,,,,,,,,4PM - 9PM,3PM,1,0,10,TRUE,,33839590,189660721,https://www.airbnb.com/rooms/33839590,https://a0.muscache.com/im/pictures/3174322d-7cbd-43c5-aac2-d4c4e48eee42.jpg?aki_policy=x_large,,,,
ha-4893801,Microtel Inn & Suites By Wyndham Fort St John,Hotel,Entire home/apt,,5-17-19,Canada,56.23071,-120.8341,British Columbia,Fort St. John,,,,,,,0,,,0,,,,0,1,2,5/14/19,,,FALSE,"{""policy"": ""UNDEFINED"", ""policyPeriods"": []}",,,,,,,92,,,,,,0,28,TRUE,,,,,,4893801,,https://www.homeaway.com/vacation-rental/p4893801,https://odis.homeaway.com/odis/listing/82fb1769-eff8-4672-a5c9-2bcb8d42ae99.c10.jpg
ha-3942498,"Surrounded by Beautiful Mountains, Waterfalls and Wildlife!   ",Mobile Home,Entire home/apt,,6-8-17,Canada,55.1284518,-121.009833,British Columbia,Tumbler Ridge,,,,,,,0,,,0,,,,4,1,6,7/31/16,100,,,"[{""limitedTo"": 14, ""refundPercent"": 50}, {""limitedTo"": 30, ""refundPercent"": 100}]",,,,,,,43,,,,,0,0,3,FALSE,,,,,,3942498,,https://www.homeaway.com/vacation-rental/p3942498,https://imagesus-ssl.homeaway.com/mda01/007caeb1-4c55-4041-8af6-ca1adddff64b.1.10
ha-4592802,Pomeroy Hotel and Conference Centre Fort St. John,Hotel,Entire home/apt,,5-15-19,Canada,56.2458,-120.8679,British Columbia,Fort St. John,,,,,,,0,,,0,,,,0,1,2,5/14/19,,,FALSE,"{""policy"": ""UNDEFINED"", ""policyPeriods"": []}",,,,,,,131,,,,,,0,41,TRUE,,,,,,4592802,,https://www.homeaway.com/vacation-rental/p4592802,https://odis.homeaway.com/odis/listing/ea3cd6da-ca16-4998-aa3b-d9026860c4cc.c6.jpg
ha-4595113,Stonebridge Hotel Fort St. John,Hotel,Entire home/apt,,5-17-19,Canada,56.23841,-120.8475,British Columbia,Fort St. John,,,,,,,0,,,0,,,,0,1,4,5/14/19,,,FALSE,"{""policy"": ""UNDEFINED"", ""policyPeriods"": []}",,,,,,,96,,,,,,1,23,TRUE,60,,,,,4595113,,https://www.homeaway.com/vacation-rental/p4595113,https://odis.homeaway.com/odis/listing/ca6aae1f-9854-440d-b8bb-fc48b1c1b070.c10.jpg
ha-4596912,Northern Grand Hotel,Hotel,Entire home/apt,,5-22-19,Canada,56.24648,-120.8446,British Columbia,Fort St. John,,,,,,,0,,,0,,,,0,1,2,5/14/19,,,FALSE,"{""policy"": ""UNDEFINED"", ""policyPeriods"": []}",,,,,,,123,,,,,,5,38,TRUE,80,,,,,4596912,,https://www.homeaway.com/vacation-rental/p4596912,https://odis.homeaway.com/odis/listing/c7e7a398-2a5b-4f60-9460-865d64c9abde.c10.jpg
ha-7130422,Cozy 3 Bedroom 2 Bathroom Full Home,House,Entire home/apt,,5-21-19,Canada,56.23203593,-120.8141772,British Columbia,Fort St. John,,,,,87.68,,8242,,0.468,8,94,107,33,3,2,6,4/25/19,100,,FALSE,"{""policy"": ""UNDEFINED"", ""policyPeriods"": [{""limitedTo"": 14, ""refundPercent"": 50}, {""limitedTo"": 30, ""refundPercent"": 100}]}",,,19,,,,71,,,,,,0,7,FALSE,,,,,,7130422,,https://www.homeaway.com/vacation-rental/p7130422,https://odis.homeaway.com/odis/listing/8b2c2511-bfdb-48ff-a864-ab34a7e04224.c10.jpg
ha-7167752,The Silverado Inn - Near Northern Alberta Railway Park,Corporate Apartment,Entire home/apt,,5-17-19,Canada,55.75902,-120.2275,British Columbia,Dawson Creek,,,,,,,0,,,0,,,,0,1,2,5/13/19,,,FALSE,"{""policy"": ""UNDEFINED"", ""policyPeriods"": []}",,,,,,,0,,,,,,0,19,TRUE,,,,,,7167752,,https://www.homeaway.com/vacation-rental/p7167752,https://odis.homeaway.com/odis/listing/16f6a50e-2f0b-4e6f-b8d1-462c8c827e1a.c10.jpg
ha-4605856,The George Dawson Inn,Hotel,Entire home/apt,,5-15-19,Canada,55.74383,-120.2246,British Columbia,Dawson Creek,,,,,,,0,,,0,,,,0,1,4,5/14/19,,,FALSE,"{""policy"": ""UNDEFINED"", ""policyPeriods"": []}",,,,,,,91,,,,,,0,12,TRUE,,,,,,4605856,,https://www.homeaway.com/vacation-rental/p4605856,https://odis.homeaway.com/odis/listing/0a64f8e3-c014-4a39-82c4-15e6cc534865.c10.jpg
