ab-5379338,Quiet Cottage on Crystal Clear Lake,Cottage,Entire home/apt,2/15/15,5-21-19,Canada,44.05738,-65.85883,Nova Scotia,Yarmouth Municipal District,,,,CAD,138.09,177.91,7319,9429,0.353,13,53,97,34,5,1,12,5/13/19,100,FALSE,,Strict - Free cancellation for 48 hours,189,250,38,50,8,10,152,3182,796,After 2PM,12PM (noon),2,10,31,TRUE,4.5,5379338,25805553,https://www.airbnb.com/rooms/5379338,https://a0.muscache.com/im/pictures/96145544/878b7a8a_original.jpg?aki_policy=x_large,,,,
ab-2193346,Venez vous relaxer aupres du lac,House,Entire home/apt,2/5/18,7-14-18,Canada,44.05425845,-65.91347576,Nova Scotia,Yarmouth Municipal District,,,,CAD,,,0,0,,0,,,,3,2,6,3/4/18,0,FALSE,,Strict policy  –  Free cancellation within 48 hours,,,,,,,121,1528,573,After 4PM,12PM (noon),7,4,9,TRUE,,2193346,5304271,https://www.airbnb.com/rooms/2193346,https://a0.muscache.com/im/pictures/29648269/8b75862b_original.jpg?aki_policy=x_large,,,,
ab-564085,The Moody Piper,Bed and breakfast,Private room,6/28/12,5-21-19,Canada,43.82979,-66.03755,Nova Scotia,Yarmouth Municipal District,,,,CAD,44.79,59,11555,15222,0.822,63,258,56,51,1,1,2,4/22/19,100,FALSE,,Flexible - Free cancellation for 48 hours,,,,,30,40,44,1240,310,4PM - 9PM,9AM,1,147,6,TRUE,5,564085,162944,https://www.airbnb.com/rooms/564085,https://a0.muscache.com/im/pictures/45377648-f52d-4ddf-9d3b-8aa32d937819.jpg?aki_policy=x_large,,,,
ab-17963043,Cape cod style home in the country.,House,Entire home/apt,3/28/17,5-24-19,Canada,43.83212,-66.11921,Nova Scotia,Yarmouth,,,,CAD,101.06,129.24,10106,12924,0.699,15,100,43,10,3,1.5,6,4/18/19,100,FALSE,,Moderate - Free cancellation for 48 hours,,,38,50,,,144,2761,690,3PM - 12AM (midnight),11AM,2,8,20,TRUE,4.8,17963043,122253609,https://www.airbnb.com/rooms/17963043,https://a0.muscache.com/im/pictures/91d1633a-98de-4c55-8983-b223a56832b1.jpg?aki_policy=x_large,,,,
ab-19315989,"Alder Cove Lake House (Kelly's, 6 min from ferry)",House,Private room,6/13/17,5-21-19,Canada,43.85674,-66.11985,Nova Scotia,Yarmouth Municipal District,,,,CAD,76.62,99.38,9961,12920,0.596,74,130,88,26,3,1,5,5/9/19,100,TRUE,,Flexible - Free cancellation for 48 hours,,,,,7,10,75,2087,522,After 3PM,11AM,1,108,26,TRUE,5,19315989,134679165,https://www.airbnb.com/rooms/19315989,https://a0.muscache.com/im/pictures/d1c44bd1-6698-41ed-a9ce-389d82492798.jpg?aki_policy=x_large,,,,
ab-14916118,Four minutes from Ferry; a cozy pet friendly room!,House,Private room,9/4/16,10-3-18,Canada,43.8473929,-66.11167691,Nova Scotia,Yarmouth,,,,CAD,59,75,59,75,1,1,1,0,29,1,1,2,4/12/18,100,TRUE,,Flexible - Free cancellation for 48 hours,,,,,15,20,58,1626,406,After 2PM,1PM,1,23,7,TRUE,4.8,14916118,73310858,https://www.airbnb.com/rooms/14916118,https://a0.muscache.com/im/pictures/2c7c3819-505b-4afd-9b12-8ddbfe8c4d1e.jpg?aki_policy=x_large,,,,
ab-669209,Spacious Private Lakefront Apartment,Apartment,Entire home/apt,8/26/12,5-21-19,Canada,43.86539,-66.11784,Nova Scotia,Yarmouth Municipal District,,,,CAD,90.89,120.02,9907,13083,0.553,12,109,88,15,1,1,3,5/8/19,100,TRUE,,Strict - Free cancellation for 48 hours,373,500,19,25,7,10,104,2402,373,1PM - 10PM,11AM,2,55,7,TRUE,4.9,669209,2770683,https://www.airbnb.com/rooms/669209,https://a0.muscache.com/im/pictures/8797329/c531bf14_original.jpg?aki_policy=x_large,,,,
ab-20504880,"Prime location Private room in Yarmouth, NS Canada",Apartment,Private room,8/17/17,1-14-19,Canada,43.84741786,-66.11716759,Nova Scotia,Yarmouth,,,,CAD,54.12,70,3193,4130,0.396,47,59,90,35,1,1,2,10/6/18,100,FALSE,,Moderate - Free cancellation for 48 hours,,,,,,,51,1437,359,12PM (noon) - 10PM,12PM (noon),1,36,12,TRUE,4.3,20504880,146387830,https://www.airbnb.com/rooms/20504880,https://a0.muscache.com/im/pictures/d590c132-5763-461c-a406-4d293bf71c8c.jpg?aki_policy=x_large,,,,
ab-20569476,Room for rent,House,Private room,8/20/17,5-22-19,Canada,43.83356,-66.118,Nova Scotia,Yarmouth,,,,CAD,,,0,0,,0,,,,1,1,1,8/20/17,,FALSE,,Flexible - Free cancellation for 48 hours,,,,,,,34,1044,261,After 3PM,,1,0,1,TRUE,,20569476,146925137,https://www.airbnb.com/rooms/20569476,https://a0.muscache.com/im/pictures/7a859383-6670-441d-a1b2-e7a687df3926.jpg?aki_policy=x_large,,,,
ab-2753897,Lakeside room # 1 with a view!,House,Private room,4/8/14,4-3-19,Canada,43.92958,-65.90131,Nova Scotia,Yarmouth Municipal District,,,,CAD,41.69,53.68,3002,3865,0.444,19,72,90,50,3,1,6,2/5/19,100,TRUE,,Moderate - Free cancellation for 48 hours,,,,,22,30,35,983,187,After 1PM,12PM (noon),2,42,13,TRUE,4.8,2753897,3254670,https://www.airbnb.com/rooms/2753897,https://a0.muscache.com/im/pictures/72977188/de4bbae0_original.jpg?aki_policy=x_large,,,,
ab-18784135,Luxury Harbor View Apartment,Apartment,Entire home/apt,5/15/17,10-9-18,Canada,43.82848312,-66.12237076,Nova Scotia,Yarmouth,,,,CAD,159.09,205.35,15432,19919,0.622,39,97,59,59,1,1,2,10/9/18,90,TRUE,,Moderate - Free cancellation for 48 hours,116,150,19,25,,,173,4316,1079,After 3PM,11AM,1,55,23,TRUE,5,18784135,130730492,https://www.airbnb.com/rooms/18784135,https://a0.muscache.com/im/pictures/a9e087bc-ca88-4cd0-92ec-a6c2e5c29b41.jpg?aki_policy=x_large,,,,
ab-20856752,Family House with a View,House,Entire home/apt,9/7/17,5-22-19,Canada,43.84972,-66.11774,Nova Scotia,Yarmouth,,,,CAD,,,0,0,,0,,,,3,1.5,8,9/28/17,100,FALSE,,Flexible - Free cancellation for 48 hours,,,38,50,,,114,2661,665,Flexible,,2,2,13,TRUE,4.5,20856752,16021372,https://www.airbnb.com/rooms/20856752,https://a0.muscache.com/im/pictures/3631d8d2-ad1e-49ba-973f-152e7be808f2.jpg?aki_policy=x_large,,,,
ab-14989307,The River House - Waterfront Vista Near Yarmouth,House,Entire home/apt,9/9/16,5-24-19,Canada,43.80576,-66.08266,Nova Scotia,Yarmouth Municipal District,,,,CAD,87.24,113.25,21024,27292,0.846,80,241,44,80,2,1,5,5/19/19,100,FALSE,,Moderate - Free cancellation for 48 hours,,,,,,,61,1703,426,After 3PM,11AM,2,132,22,TRUE,5,14989307,94485147,https://www.airbnb.com/rooms/14989307,https://a0.muscache.com/im/pictures/25d8b20b-1f3c-476b-b4f7-d241201f78d0.jpg?aki_policy=x_large,,,,
ab-18833632,tranqil shoreline apartment,Apartment,Entire home/apt,9/9/17,5-1-18,Canada,43.84233712,-66.14241584,Nova Scotia,Yarmouth Municipal District,,,,CAD,63.14,79.14,1389,1741,0.253,9,22,65,5,1,1,2,10/19/17,85,FALSE,,Flexible,,,,,,,64,1775,444,After 3PM,,2,4,13,TRUE,5,18833632,131154155,https://www.airbnb.com/rooms/18833632,https://a0.muscache.com/im/pictures/4fb1d63d-498d-42b9-ba11-bebc721453b4.jpg?aki_policy=x_large,,,,
ab-19448031,Whimsical room for 1 on 2nd floor of Heritage Home,House,Private room,6/20/17,5-22-19,Canada,43.82959,-66.1149,Nova Scotia,Yarmouth,,,,CAD,41.5,54,3984,5184,0.768,65,96,29,28,1,1,1,5/3/19,100,TRUE,,Moderate - Free cancellation for 48 hours,,,,,,,40,1133,283,3PM - 12AM (midnight),11AM,1,71,8,TRUE,4.9,19448031,40990635,https://www.airbnb.com/rooms/19448031,https://a0.muscache.com/im/pictures/2b7702f7-897c-43dc-9fab-63757a043a3e.jpg?aki_policy=x_large,,,,
ab-15054280,Quiet Oasis ( breakfast included ),Bungalow,Private room,9/13/16,12-14-18,Canada,44.00859584,-66.13533482,Nova Scotia,Yarmouth Municipal District,,,,CAD,49.73,64.57,10492,13625,0.898,18,211,24,41,1,1,2,10/4/18,100,FALSE,,Flexible - Free cancellation for 48 hours,,,,,,,49,1363,341,4PM - 10PM,11AM,2,11,16,TRUE,4.9,15054280,93358018,https://www.airbnb.com/rooms/15054280,https://a0.muscache.com/im/pictures/896e39a0-eae3-4c60-821f-76908a75ebda.jpg?aki_policy=x_large,,,,
ab-18887523,Brooklyn Mansion (Continental Breakfast Included),House,Private room,5/21/17,5-24-19,Canada,43.86043,-66.09713,Nova Scotia,Yarmouth Municipal District,,,,CAD,,,0,0,,0,,,,1,1.5,2,8/9/17,100,FALSE,,Flexible - Free cancellation for 48 hours,,,,,,,76,2127,532,After 3PM,,1,4,4,TRUE,5,18887523,131613778,https://www.airbnb.com/rooms/18887523,https://a0.muscache.com/im/pictures/8c799712-5dfb-43bb-9781-23d7fedfdf50.jpg?aki_policy=x_large,,,,
ab-12164359,HARBOR VIEW COTTAGE,House,Entire home/apt,4/1/16,4-29-19,Canada,43.78057,-66.12163,Nova Scotia,Yarmouth Municipal District,,,,CAD,143.6,185.01,12062,15541,0.808,23,84,20,49,3,2,5,10/10/18,100,FALSE,,Moderate - Free cancellation for 48 hours,,,19,25,19,25,149,3652,913,3PM - 10PM,10AM,1,66,17,TRUE,4.8,12164359,61765869,https://www.airbnb.com/rooms/12164359,https://a0.muscache.com/im/pictures/4eb2212f-de6a-4809-9a36-a2d40416cf4f.jpg?aki_policy=x_large,,,,
ab-13094211,Cozy loft with queen bed & private ensuite!,House,Private room,5/19/16,5-21-19,Canada,43.83038,-66.11496,Nova Scotia,Yarmouth,,,,CAD,57.51,75,7189,9375,0.706,64,125,52,35,1,1,2,4/21/19,100,TRUE,,Moderate - Free cancellation for 48 hours,,,,,15,20,56,1576,394,3PM - 12AM (midnight),11AM,1,137,9,TRUE,4.7,13094211,40990635,https://www.airbnb.com/rooms/13094211,https://a0.muscache.com/im/pictures/ad61f843-c31a-4a84-bd3e-016c9dc31f34.jpg?aki_policy=x_large,,,,
ab-18912790,Cape Sable room at the Murray Manor,House,Private room,5/23/17,5-21-19,Canada,43.83408,-66.11957,Nova Scotia,Yarmouth,,,,CAD,107.55,138.5,5485,7063,0.345,33,51,97,36,1,1,2,5/12/19,100,TRUE,,Moderate - Free cancellation for 48 hours,,,11,15,,,115,2915,729,3PM - 10PM,11AM,1,38,4,TRUE,4.9,18912790,85501709,https://www.airbnb.com/rooms/18912790,https://a0.muscache.com/im/pictures/1872e126-6035-4d8f-859f-325dcb96f386.jpg?aki_policy=x_large,,,,
ab-18913357,Cape Forchu room at the Murray Manor,Cabin,Private room,5/23/17,5-24-19,Canada,43.83264,-66.11946,Nova Scotia,Yarmouth,,,,CAD,116.12,150.17,6270,8109,0.358,40,54,97,33,1,1,2,5/14/19,100,TRUE,,Strict - Free cancellation for 48 hours,,,11,15,,,125,3172,793,3PM - 10PM,11AM,1,38,4,TRUE,5,18913357,85501709,https://www.airbnb.com/rooms/18913357,https://a0.muscache.com/im/pictures/aee22e7a-3704-4fad-8753-1fe2b617d0f1.jpg?aki_policy=x_large,,,,
ab-18913620,Seal Island Room,House,Private room,5/23/17,5-21-19,Canada,43.8319,-66.12039,Nova Scotia,Yarmouth,,,,CAD,97.9,126.45,5972,7713,0.396,31,61,93,30,1,1,2,5/14/19,100,TRUE,,Moderate - Free cancellation for 48 hours,,,11,15,,,108,2711,678,3PM - 10PM,11AM,1,17,5,TRUE,5,18913620,85501709,https://www.airbnb.com/rooms/18913620,https://a0.muscache.com/im/pictures/c41911e2-521a-4ec5-8ab6-64f8aee482b1.jpg?aki_policy=x_large,,,,
ab-21191040,Affordable Room at a Great Location,Apartment,Private room,10/4/17,7-2-18,Canada,43.84553245,-66.11674334,Nova Scotia,Yarmouth,,,,CAD,39.5,50,869,1100,0.19,7,22,94,6,1,1,1,6/6/18,100,FALSE,,Moderate,,,,,,,38,1052,263,12PM (noon) - 10PM,12PM (noon),1,2,11,TRUE,4,21191040,146387830,https://www.airbnb.com/rooms/21191040,https://a0.muscache.com/im/pictures/835878c5-5085-4726-8136-43c09f939e49.jpg?aki_policy=x_large,,,,
ab-12295682,Studio Apartment,Apartment,Entire home/apt,3/7/17,4-1-18,Canada,43.78364928,-66.05544203,Nova Scotia,Yarmouth Municipal District,,,,CAD,,,0,0,,0,,,,1,1,2,9/30/17,100,FALSE,,moderate,,,,,,,62,1740,435,2PM - 1AM (next day),11AM,1,12,7,TRUE,4.9,12295682,66283596,https://www.airbnb.com/rooms/12295682,https://a0.muscache.com/im/pictures/ae0daa8d-d90a-4dc9-a17b-50004aa357b5.jpg?aki_policy=x_large,,,,
ab-21344886,Gavel Lake Guest House,Bungalow,Private room,10/14/17,5-22-19,Canada,43.90143,-65.94328,Nova Scotia,Yarmouth Municipal District,,,,CAD,44.12,58.12,7985,10520,0.757,55,181,58,34,1,1,3,5/12/19,100,FALSE,,Flexible - Free cancellation for 48 hours,,,,,7,10,45,1252,313,After 3PM,11AM,1,13,9,TRUE,4.9,21344886,150090578,https://www.airbnb.com/rooms/21344886,https://a0.muscache.com/im/pictures/131a4d32-76f6-4db1-91a9-cd1908abdce2.jpg?aki_policy=x_large,,,,
ab-21424412,Sunday Point Beach Lodge,House,Entire home/apt,10/20/17,6-20-18,Canada,43.792941,-66.12999349,Nova Scotia,Yarmouth Municipal District,,,,CAD,186.67,239.21,560,718,0.048,1,3,59,0,2,1,4,1/9/18,0,FALSE,,Flexible,120,150,20,25,20,,199,5020,1255,3PM - 12AM (midnight),11AM,1,0,19,TRUE,,21424412,155277500,https://www.airbnb.com/rooms/21424412,https://a0.muscache.com/im/pictures/33930032-6dd1-4178-9c32-16910e88c795.jpg?aki_policy=x_large,,,,
ab-21450333,"Private Room: Yarmouth, 5 min Drive from Ferry",House,Private room,10/22/17,5-24-19,Canada,43.85285,-66.1196,Nova Scotia,Yarmouth,,,,CAD,46.56,60.66,8520,11100,0.588,133,183,128,24,1,1,2,5/8/19,100,FALSE,,Flexible - Free cancellation for 48 hours,,,7,10,,,41,939,235,After 1PM,11AM,1,106,9,TRUE,4.8,21450333,77537516,https://www.airbnb.com/rooms/21450333,https://a0.muscache.com/im/pictures/4bf8b484-aff7-49b2-831c-50d7bfb2cd46.jpg?aki_policy=x_large,,,,
ab-21539878,"The Farmhouse , relaxing county side home.",House,Entire home/apt,12/28/17,5-23-19,Canada,44.07874,-65.90983,Nova Scotia,Yarmouth Municipal District,,,,CAD,88.45,114.54,8137,10537,0.558,27,92,73,18,3,1.5,6,2/27/19,100,TRUE,,Flexible - Free cancellation for 48 hours,112,150,37,50,,,112,2083,521,After 3PM,12PM (noon),1,21,10,TRUE,5,21539878,156118385,https://www.airbnb.com/rooms/21539878,https://a0.muscache.com/im/pictures/b96138a2-0c2d-4a0c-bc2e-9196034c75f0.jpg?aki_policy=x_large,,,,
ab-19602713,1 Bdrm. in Historic District Near Ferry & Downtown,Apartment,Entire home/apt,6/28/17,5-24-19,Canada,43.83143,-66.11914,Nova Scotia,Yarmouth,,,,CAD,76.64,100.58,11572,15188,0.962,50,151,6,85,1,1,2,5/5/19,100,TRUE,,Moderate - Free cancellation for 48 hours,,,22,30,,,96,2066,516,3PM - 12AM (midnight),11AM,1,113,10,TRUE,5,19602713,137818926,https://www.airbnb.com/rooms/19602713,https://a0.muscache.com/im/pictures/ced52363-6f39-46c4-9bf9-7af444595c0e.jpg?aki_policy=x_large,,,,
ab-18484967,2 min from International Ferry,House,Private room,4/28/17,5-22-19,Canada,43.83529,-66.11234,Nova Scotia,Yarmouth,,,,CAD,65.08,84.34,5141,6663,0.79,33,79,21,52,1,1,2,4/24/19,100,FALSE,,Flexible - Free cancellation for 48 hours,114,150,8,10,23,30,69,1705,426,Flexible,12PM (noon),1,56,6,TRUE,4.8,18484967,8659735,https://www.airbnb.com/rooms/18484967,https://a0.muscache.com/im/pictures/46411b02-ab8e-4b85-ade0-45425ebce567.jpg?aki_policy=x_large,,,,
ab-13847068,Lakeside Room # 2 with a view,Cottage,Private room,7/4/16,4-7-19,Canada,43.92874,-65.90338,Nova Scotia,Yarmouth Municipal District,,,,CAD,45.55,58.5,2733,3510,0.314,17,60,131,52,3,2,6,2/19/19,100,TRUE,,Moderate - Free cancellation for 48 hours,,,,,19,25,37,1045,261,After 1PM,12PM (noon),1,22,9,TRUE,5,13847068,3254670,https://www.airbnb.com/rooms/13847068,https://a0.muscache.com/im/pictures/e7c54f00-68d5-4fae-a709-2ae3bc36a803.jpg?aki_policy=x_large,,,,
ab-6333526,Simple Rustic Cottage,House,Entire home/apt,5/8/15,5-24-19,Canada,43.75992,-66.07499,Nova Scotia,Yarmouth Municipal District,,,,USD,73.11,73.11,7677,7677,0.533,17,105,92,48,1,1,4,5/8/19,100,FALSE,FALSE,Flexible - Free cancellation for 48 hours,,,50,50,,,115,1250,325,,,2,60,23,TRUE,4.8,6333526,28652226,https://www.airbnb.com/rooms/6333526,https://a0.muscache.com/im/pictures/79195919/a377806a_original.jpg?aki_policy=x_large,4241138,,https://www.homeaway.com/vacation-rental/p4241138,https://odis.homeaway.com/odis/listing/f15d08a3-4cd3-4cd4-9b2c-d14048c62b67.c10.jpg
ab-18998501,Elizas Cottage,Bungalow,Private room,5/27/17,5-21-19,Canada,43.97937,-66.1304,Nova Scotia,Yarmouth Municipal District,,,,CAD,91.58,120.89,550,725,0.097,3,6,56,0,1,1,2,8/27/18,100,FALSE,,Strict - Free cancellation for 48 hours,149,200,19,25,19,25,86,1878,470,After 3PM,12PM (noon),2,1,10,TRUE,,18998501,4275314,https://www.airbnb.com/rooms/18998501,https://a0.muscache.com/im/pictures/b1867261-1fa9-4859-a29e-ac8d1141b413.jpg?aki_policy=x_large,,,,
ab-6377917,Cozy Cottage Rest and Relaxation,Cabin,Entire home/apt,5/11/15,5-24-19,Canada,44.05412,-66.00489,Nova Scotia,Yarmouth Municipal District,,,,CAD,73.16,94.83,4243,5500,0.527,10,58,52,12,2,1,5,5/9/19,100,TRUE,,Moderate - Free cancellation for 48 hours,190,250,,,,,76,1292,380,3PM - 12AM (midnight),12PM (noon),4,24,21,TRUE,4.7,6377917,9510301,https://www.airbnb.com/rooms/6377917,https://a0.muscache.com/im/pictures/84395179/2e6e654a_original.jpg?aki_policy=x_large,,,,
ab-1755822,Tranquil setting on tidal river.,House,Private room,10/4/13,4-7-19,Canada,43.82566,-66.06048,Nova Scotia,Yarmouth Municipal District,,,,CAD,61.33,83.59,184,251,0.049,3,3,58,0,1,1.5,2,4/19/18,100,FALSE,,Flexible - Free cancellation for 48 hours,,,15,20,,,67,1464,366,Flexible,11AM,1,2,9,TRUE,4.5,1755822,9233885,https://www.airbnb.com/rooms/1755822,https://a0.muscache.com/im/pictures/a822b864-ff57-441c-a0ab-207405a95c36.jpg?aki_policy=x_large,,,,
ab-19695879,Chebogue River Getaway,House,Entire home/apt,7/3/17,6-22-18,Canada,43.80294893,-66.08462817,Nova Scotia,Yarmouth Municipal District,,,,CAD,,,0,0,,0,,,,2,2,7,8/18/17,100,TRUE,,Flexible,,,,,,,112,3138,784,After 3PM,12PM (noon),1,7,5,TRUE,4.7,19695879,130471223,https://www.airbnb.com/rooms/19695879,https://a0.muscache.com/im/pictures/070c7837-5067-482a-bb67-730316a22740.jpg?aki_policy=x_large,,,,
ab-19700836,Cozy room close to the Ferry!,House,Private room,7/3/17,10-4-18,Canada,43.84723505,-66.10962454,Nova Scotia,Yarmouth,,,,CAD,53,68,848,1088,0.516,1,16,15,0,1,1,2,4/12/18,100,TRUE,,Flexible - Free cancellation for 48 hours,,,,,,,53,1483,371,12PM (noon) - 12AM (midnight),,1,1,4,TRUE,4,19700836,73310858,https://www.airbnb.com/rooms/19700836,https://a0.muscache.com/im/pictures/c97a6479-e669-47ba-aff0-f8a6948f63a3.jpg?aki_policy=x_large,,,,
ab-14589133,Home away from home.,House,Private room,8/17/16,4-8-18,Canada,43.82825665,-66.04907164,Nova Scotia,Yarmouth Municipal District,,,,CAD,48,59,48,59,0.032,1,1,30,0,1,1,2,1/27/18,100,TRUE,,Flexible,,,,,,,47,1332,333,10AM - 9PM,11AM,1,56,7,TRUE,5,14589133,90459906,https://www.airbnb.com/rooms/14589133,https://a0.muscache.com/im/pictures/0f04a3df-9d08-4502-91cd-d1cad425b60e.jpg?aki_policy=x_large,,,,
ab-16911316,"Book the Whole house! 6 Bedrms,6+baths- near Ferry",House,Entire home/apt,1/21/17,5-21-19,Canada,43.82716,-66.11817,Nova Scotia,Yarmouth,,,,USD,285.87,285.87,19439,19439,0.415,14,68,96,19,6,6.5,14,5/10/19,100,TRUE,,Moderate - Free cancellation for 48 hours,300,300,150,150,,,400,7672,1918,After 3PM,10AM,3,11,19,TRUE,5,16911316,112907586,https://www.airbnb.com/rooms/16911316,https://a0.muscache.com/im/pictures/5ab40af3-7919-417a-b1da-f6dca6cd772d.jpg?aki_policy=x_large,,,,
ab-20292120,Private escape to sea,House,Entire home/apt,8/5/17,4-23-18,Canada,43.92224592,-66.14797249,Nova Scotia,Yarmouth Municipal District,,,,CAD,,,0,0,,0,,,,2,2,5,10/10/17,,FALSE,,Flexible,,,,,,,81,2280,570,After 1PM,,7,0,7,TRUE,,20292120,135268786,https://www.airbnb.com/rooms/20292120,https://a0.muscache.com/im/pictures/e2f506f0-6b6c-432c-9f3e-e895ab23abff.jpg?aki_policy=x_large,,,,
ab-17718088,"Spacious room, queen bed, ensuite!",House,Private room,3/12/17,5-22-19,Canada,43.82995,-66.11418,Nova Scotia,Yarmouth,,,,CAD,58.35,75,5660,7275,0.713,72,97,39,17,1,1,2,4/18/19,100,TRUE,,Moderate - Free cancellation for 48 hours,,,,,15,20,56,1565,391,3PM - 12AM (midnight),11AM,1,111,10,TRUE,4.7,17718088,40990635,https://www.airbnb.com/rooms/17718088,https://a0.muscache.com/im/pictures/cf8a507f-9d08-4b49-9c4e-424e18da74e9.jpg?aki_policy=x_large,,,,
ab-13937016,"Chebogue Cottage, 10 minutes from Yarmouth ferry",Bungalow,Entire home/apt,7/9/16,5-22-19,Canada,43.77072,-66.11143,Nova Scotia,Yarmouth Municipal District,,,,CAD,108.39,141.15,14090,18350,0.413,70,130,185,19,1,1,2,5/6/19,100,FALSE,,Flexible - Free cancellation for 48 hours,,,,,,,112,3135,784,3PM - 11PM,11AM,1,116,15,TRUE,5,13937016,79220376,https://www.airbnb.com/rooms/13937016,https://a0.muscache.com/im/pictures/5c308110-e699-47ff-bcd6-5554c9f1a8d4.jpg?aki_policy=x_large,,,,
ab-19120416,Private Ocean Getaway,Apartment,Entire home/apt,6/3/17,5-21-19,Canada,43.83201,-66.11985,Nova Scotia,Yarmouth,,,,CAD,114.46,149,9271,12069,0.399,28,81,122,73,1,1,4,4/16/19,100,TRUE,,Flexible - Free cancellation for 48 hours,,,,,,,111,3116,779,After 2PM,12PM (noon),1,59,23,TRUE,4.9,19120416,130471223,https://www.airbnb.com/rooms/19120416,https://a0.muscache.com/im/pictures/456a415c-5ea3-4827-b438-3678ddaf134b.jpg?aki_policy=x_large,,,,
ab-22064308,spacious 2 bedroom APT in the heart of yarmouth,Apartment,Entire home/apt,12/6/17,5-24-19,Canada,43.84019,-66.11519,Nova Scotia,Yarmouth,,,,CAD,,,0,0,,0,,,,2,1,4,12/3/17,100,FALSE,,Moderate - Free cancellation for 48 hours,,,,,,,94,2624,656,Flexible,12PM (noon),1,0,8,TRUE,,22064308,159354571,https://www.airbnb.com/rooms/22064308,https://a0.muscache.com/im/pictures/b46208d3-d7bc-4b35-87e2-00f3fc74af96.jpg?aki_policy=x_large,,,,
ab-24128605,Studio Apartment,Apartment,Entire home/apt,4/7/18,5-24-19,Canada,43.78373,-66.05421,Nova Scotia,Yarmouth Municipal District,,,,CAD,59.06,75.71,4134,5300,0.427,39,70,94,20,0,1,2,5/4/19,100,FALSE,,Strict - Free cancellation for 48 hours,,,,,,,44,1233,308,After 3PM,11AM,1,23,11,TRUE,4.9,24128605,181769045,https://www.airbnb.com/rooms/24128605,https://a0.muscache.com/im/pictures/391d0714-8cf0-4b98-ab9c-7f5f355a202b.jpg?aki_policy=x_large,,,,
ab-19136734,Trefry lake house,House,Entire home/apt,6/4/17,5-24-19,Canada,43.83786,-66.04398,Nova Scotia,Yarmouth Municipal District,,,,CAD,113.71,147.07,7732,10001,0.345,17,68,129,14,2,2,6,9/21/18,0,FALSE,,Flexible - Free cancellation for 48 hours,,,,,,,130,3316,829,After 3PM,12PM (noon),5,14,14,TRUE,4.9,19136734,133761118,https://www.airbnb.com/rooms/19136734,https://a0.muscache.com/im/pictures/5668ea7f-3772-47ee-999b-a64ca3946a0b.jpg?aki_policy=x_large,,,,
ab-24952306,Victorian outside roughing,Farm stay,Entire home/apt,5/23/18,1-14-19,Canada,43.8533334,-66.1201391,Nova Scotia,Yarmouth,,,,CAD,378.38,500,3027,4000,0.131,4,8,53,0,0,1,1,6/21/18,,FALSE,,Flexible - Free cancellation for 48 hours,,,,,,,378,10580,2645,12AM (midnight) - 2AM (next day),5AM,122,0,1,TRUE,,24952306,154750376,https://www.airbnb.com/rooms/24952306,https://a0.muscache.com/im/pictures/4a78d6c5-0535-4582-9971-3de1ce8194e3.jpg?aki_policy=x_large,,,,
ab-22513437,Nothing fancy: A maritime country holiday,Apartment,Entire home/apt,2/4/19,5-23-19,Canada,43.98493,-66.14714,Nova Scotia,Yarmouth Municipal District,,,,CAD,78.75,102.48,630,820,0.421,1,8,11,12,2,1,4,1/20/19,50,FALSE,,Moderate - Free cancellation for 48 hours,373,500,45,60,,,116,1986,497,After 12PM (noon),12PM (noon),2,0,22,TRUE,,22513437,23775056,https://www.airbnb.com/rooms/22513437,https://a0.muscache.com/im/pictures/d15ebe46-c1b6-456e-adc7-1cdcbc9df4f7.jpg?aki_policy=x_large,,,,
ab-8570530,SPRING SPECIAL  BOOK 3 NIGHTS 4TH NIGHT FREE,Boat,Entire home/apt,8/26/17,5-22-19,Canada,43.83829,-66.12184,Nova Scotia,Yarmouth,,,,CAD,183,238.69,1464,1910,0.092,5,8,79,3,2,2,6,4/13/19,100,FALSE,,Strict - Free cancellation for 48 hours,190,250,38,50,46,60,213,4896,1224,12PM (noon) - 3PM,12PM (noon),1,5,17,TRUE,5,8570530,19205603,https://www.airbnb.com/rooms/8570530,https://a0.muscache.com/im/pictures/2e7ddacf-4d47-4240-8a62-8c33d9369f72.jpg?aki_policy=x_large,,,,
ab-24190986,My Cottage By The Sea,Cabin,Entire home/apt,4/7/18,4-7-18,Canada,43.80412518,-66.15914144,Nova Scotia,Yarmouth Municipal District,,,,,122.7,152.1,1227,1521,0.323,1,10,21,0,2,1,4,4/4/18,0,FALSE,,Strict,,,,,,,121,3952,988,3PM - 8PM,11AM,3,0,12,TRUE,,24190986,57627819,https://www.airbnb.com/rooms/24190986,https://a0.muscache.com/im/pictures/bc7f8973-a8f7-43f7-b5a8-b5d3a909af7b.jpg?aki_policy=x_large,,,,
ab-25935257,HOME AWAY FROM HOME FOR TWO - 5MINS. FROM FERRY,Apartment,Entire home/apt,6/14/18,5-24-19,Canada,43.85757,-66.10548,Nova Scotia,Yarmouth Municipal District,,,,CAD,75.55,99,4986,6534,0.291,43,66,161,19,1,1,2,5/9/19,100,TRUE,,Flexible - Free cancellation for 48 hours,,,,,,,74,2086,522,After 3PM,11AM,1,50,7,TRUE,5,25935257,190960195,https://www.airbnb.com/rooms/25935257,https://a0.muscache.com/im/pictures/0c58918d-bb82-4b96-a732-93f6439fe036.jpg?aki_policy=x_large,,,,
ab-24208958,The Lakeside Loft,Guesthouse,Entire home/apt,6/16/18,5-21-19,Canada,43.8616,-66.11664,Nova Scotia,Yarmouth Municipal District,,,,CAD,87.35,114.95,10919,14369,0.458,53,125,148,30,0,1,4,5/17/19,100,TRUE,FALSE,Strict - Free cancellation for 48 hours,,,15,20,7,10,101,3020,755,After 4PM,10AM,1,35,19,TRUE,5,24208958,3194892,https://www.airbnb.com/rooms/24208958,https://a0.muscache.com/im/pictures/9b46b41c-d9cb-4ed4-9eb3-ad35d3dc7746.jpg?aki_policy=x_large,7157600,,https://www.homeaway.com/vacation-rental/p7157600,https://odis.homeaway.com/odis/listing/a34d58f3-d008-49ed-90b0-b35854d8b822.c10.jpg
ab-26743812,Green Green Grass of Home park size mobile home,Cottage,Entire home/apt,7/10/18,5-22-19,Canada,43.77748,-66.10272,Nova Scotia,Yarmouth Municipal District,,,,CAD,45.55,58.62,911,1172,0.364,9,20,35,37,1,1,2,5/11/19,80,FALSE,,Moderate - Free cancellation for 48 hours,,,19,25,5,7,50,876,219,After 3PM,12PM (noon),1,5,37,TRUE,4.6,26743812,25690782,https://www.airbnb.com/rooms/26743812,https://a0.muscache.com/im/pictures/2163cd88-e538-49de-b1c5-a792cd7862af.jpg?aki_policy=x_large,,,,
ab-25052999,Restored 2 Bdrm. Victorian Cottage near CAT Ferry,House,Entire home/apt,5/14/18,5-22-19,Canada,43.83219,-66.11938,Nova Scotia,Yarmouth,,,,CAD,121.54,159.2,17016,22287,0.464,85,140,162,32,2,1,4,4/11/19,100,TRUE,,Moderate - Free cancellation for 48 hours,,,23,30,,,143,3362,840,After 3PM,11AM,1,69,11,TRUE,5,25052999,185552962,https://www.airbnb.com/rooms/25052999,https://a0.muscache.com/im/pictures/f640198c-7191-49b9-8d29-510f130d7ec8.jpg?aki_policy=x_large,,,,
ab-27547546,"2nd floor Private Unit- 02 bed Rooms, full kitchen",Hostel,Private room,8/18/18,8-30-18,Canada,43.86500477,-66.10994147,Nova Scotia,Yarmouth Municipal District,,,,CAD,,,0,0,,0,,,,2,1,5,8/16/18,,FALSE,,Flexible - Free cancellation for 48 hours,,,8,10,,,159,4240,1060,2PM - 11PM,12PM (noon),1,0,50,TRUE,,27547546,206478197,https://www.airbnb.com/rooms/27547546,https://a0.muscache.com/im/pictures/65d5eb53-8bf2-48d9-a0c0-90ab6786fea5.jpg?aki_policy=x_large,,,,
ab-26784246,Lakeside Retreat,House,Private room,7/14/18,5-24-19,Canada,43.88883,-66.09212,Nova Scotia,Yarmouth Municipal District,,,,CAD,57.54,75,3740,4875,0.691,10,65,29,29,1,1,2,4/2/19,100,FALSE,,Flexible - Free cancellation for 48 hours,,,,,,,56,1575,394,After 3PM,,1,2,7,TRUE,5,26784246,7765396,https://www.airbnb.com/rooms/26784246,https://a0.muscache.com/im/pictures/57d11f9e-a663-4d5c-906d-b9c644e3d3f0.jpg?aki_policy=x_large,,,,
ab-24277835,My Oceanview Cottage,Cottage,Entire home/apt,4/9/18,5-24-19,Canada,43.80355,-66.15859,Nova Scotia,Yarmouth Municipal District,,,,CAD,102.74,134.1,15617,20383,0.633,39,152,88,5,2,1,4,4/3/19,100,FALSE,,Strict - Free cancellation for 48 hours,,,22,30,15,20,112,3130,782,3PM - 11PM,11AM,2,18,19,TRUE,4.8,24277835,95444818,https://www.airbnb.com/rooms/24277835,https://a0.muscache.com/im/pictures/3f841470-610e-489d-b955-ec7bc2d9138c.jpg?aki_policy=x_large,,,,
ab-29436806,Private triple units for monthly rent,Room in aparthotel,Private room,11/5/18,4-18-19,Canada,43.86566,-66.1099,Nova Scotia,Yarmouth Municipal District,,,,CAD,69.94,92.02,4406,5797,0.414,5,63,89,0,1,1,3,1/9/19,100,FALSE,,Moderate - Free cancellation for 48 hours,,,,,,,67,1868,467,After 1PM,,1,0,13,TRUE,,29436806,221737712,https://www.airbnb.com/rooms/29436806,https://a0.muscache.com/im/pictures/5d20c5a4-bdf1-4211-9997-b7284c8d384e.jpg?aki_policy=x_large,,,,
ab-27636164,Little green house ~great location,House,Private room,8/11/18,5-22-19,Canada,43.85436,-66.12335,Nova Scotia,Yarmouth Municipal District,,,,CAD,39.97,52,2798,3640,0.314,50,70,153,22,1,1,2,4/25/19,100,TRUE,,Flexible - Free cancellation for 48 hours,,,,,,,39,1085,271,12PM (noon) - 10PM,11AM,1,51,11,TRUE,4.8,27636164,208550150,https://www.airbnb.com/rooms/27636164,https://a0.muscache.com/im/pictures/5704b3e8-217e-41ac-be16-6b1e50d4d771.jpg?aki_policy=x_large,,,,
ab-27638324,Hummingbird Cottage,Cottage,Entire home/apt,8/11/18,5-22-19,Canada,44.01008,-65.93723,Nova Scotia,Yarmouth Municipal District,,,,CAD,105.14,137.59,3680,4816,0.461,15,35,41,107,2,1,4,3/15/19,67,FALSE,,Moderate - Free cancellation for 48 hours,,,,,,,108,3024,756,After 3PM,12PM (noon),1,5,15,TRUE,5,27638324,208122048,https://www.airbnb.com/rooms/27638324,https://a0.muscache.com/im/pictures/2b13f727-a9b2-42c3-ba68-056803451903.jpg?aki_policy=x_large,,,,
ab-27661770,Funky solar cabin on a beautiful lake,Chalet,Entire home/apt,8/11/18,5-21-19,Canada,43.83264,-66.12102,Nova Scotia,Yarmouth,,,,CAD,85.71,113.86,600,797,0.076,5,7,85,0,1,1,3,8/13/18,100,TRUE,,Flexible - Free cancellation for 48 hours,,,,,,,88,2458,615,12PM (noon) - 6PM,11AM,2,1,12,TRUE,5,27661770,208550150,https://www.airbnb.com/rooms/27661770,https://a0.muscache.com/im/pictures/48c5acbc-a6a2-4c8b-94c0-3bf081d2ab18.jpg?aki_policy=x_large,,,,
ab-25258254,"Must See! Close to Ferry. Clean, Central and Cozy.",Apartment,Entire home/apt,6/29/18,5-24-19,Canada,43.84871,-66.11543,Nova Scotia,Yarmouth,,,,CAD,99.03,129.22,11685,15247,0.781,62,118,33,64,2,1,6,5/12/19,100,TRUE,,Flexible - Free cancellation for 48 hours,,,15,20,7,10,81,3024,756,After 3PM,11AM,1,66,13,TRUE,4.9,25258254,190831215,https://www.airbnb.com/rooms/25258254,https://a0.muscache.com/im/pictures/fce5fc94-616e-45bb-9fb7-1c187f77f1f8.jpg?aki_policy=x_large,,,,
ab-27730052,Deluxe camping 1 min from down town/ferry,Camper/RV,Entire home/apt,8/15/18,8-15-18,Canada,43.8503978,-66.12560319,Nova Scotia,Yarmouth Municipal District,,,,,57,75,171,225,0.053,2,3,54,4,0,1,6,8/14/18,,FALSE,,Flexible - Free cancellation for 48 hours,,,,,,,57,1598,399,Flexible,11AM,1,0,10,TRUE,,27730052,101035445,https://www.airbnb.com/rooms/27730052,https://a0.muscache.com/im/pictures/277abf2d-07bb-4c2c-8d46-102a212089ef.jpg?aki_policy=x_large,,,,
ab-22847183,Sunset Bluff House,House,Entire home/apt,2/5/18,7-4-18,Canada,43.95151825,-66.1585096,Nova Scotia,Yarmouth Municipal District,,,,CAD,250,320,9750,12480,0.696,6,39,17,5,3,3,6,4/2/18,100,FALSE,,Strict,387,500,,,,,248,6941,1735,After 3PM,10AM,7,0,12,TRUE,,22847183,168950024,https://www.airbnb.com/rooms/22847183,https://a0.muscache.com/im/pictures/062938ba-57ba-493d-a762-868bbe6873b3.jpg?aki_policy=x_large,,,,
ab-27733047,Funky solar cabin on lake near yarmouth,Chalet,Entire home/apt,8/15/18,5-21-19,Canada,43.91568,-65.91076,Nova Scotia,Yarmouth Municipal District,,,,CAD,87.24,114,1483,1938,0.202,9,17,67,8,1,1,3,9/28/18,100,TRUE,,Flexible - Free cancellation for 48 hours,,,15,20,,,98,2316,579,Flexible,11AM,2,10,13,TRUE,5,27733047,208550150,https://www.airbnb.com/rooms/27733047,https://a0.muscache.com/im/pictures/ca5590cb-8dbf-45ca-a4ed-9ba5f98ff64a.jpg?aki_policy=x_large,,,,
ab-32983166,"Beautiful ocean front cottage, magnificent views",House,Entire home/apt,3/25/19,5-22-19,Canada,43.81488,-66.15661,Nova Scotia,Yarmouth Municipal District,,,,CAD,,,0,0,,0,,,,3,1,6,4/26/19,100,FALSE,,Strict - Free cancellation for 48 hours,,,,,,,,,,After 3PM,11AM,3,0,15,TRUE,,32983166,248222188,https://www.airbnb.com/rooms/32983166,https://a0.muscache.com/im/pictures/d2d751b0-b022-4741-a065-3576c48786a5.jpg?aki_policy=x_large,,,,
ab-26117857,"Arcadia Home With A View, 7 Mins From Yarmouth NS",House,Entire home/apt,7/18/18,12-7-18,Canada,43.8184319,-66.05446313,Nova Scotia,Yarmouth Municipal District,,,,CAD,119.12,156.58,7862,10334,0.584,14,66,47,41,3,2,6,10/29/18,100,FALSE,,Flexible - Free cancellation for 48 hours,,,,,,,112,3685,921,3PM - 6PM,12PM (noon),2,3,27,TRUE,5,26117857,121834842,https://www.airbnb.com/rooms/26117857,https://a0.muscache.com/im/pictures/0d7b1607-82b2-46c6-a15f-3c8e7c17849c.jpg?aki_policy=x_large,,,,
ab-24472044,Harbour view duplex,Apartment,Entire home/apt,4/18/18,6-16-18,Canada,43.84190217,-66.11746157,Nova Scotia,Yarmouth,,,,CAD,147.5,186.32,590,745,0.06,4,4,63,24,3,1,6,4/23/18,100,FALSE,,Strict,,,24,30,,,148,2007,502,1PM - 12AM (midnight),10AM,6,0,16,TRUE,,24472044,4666888,https://www.airbnb.com/rooms/24472044,https://a0.muscache.com/im/pictures/c9aabb78-4ca9-41db-9be6-3d3bd5a4cba3.jpg?aki_policy=x_large,,,,
ab-26159316,The Timid Moose,House,Private room,8/2/18,1-28-19,Canada,44.05554701,-65.91561068,Nova Scotia,Yarmouth Municipal District,,,,CAD,38,49,38,49,0.034,1,1,28,1,1,1,2,8/20/18,100,FALSE,,Strict - Free cancellation for 48 hours,,,,,,,37,1035,259,3PM - 9PM,10AM,1,2,20,TRUE,5,26159316,196618743,https://www.airbnb.com/rooms/26159316,https://a0.muscache.com/im/pictures/383a7a48-a7f9-45e4-8f77-0b9c28bb34a6.jpg?aki_policy=x_large,,,,
ab-30675765,Yarmouth - Family Quadrupled Room,Guesthouse,Private room,12/17/18,4-15-19,Canada,43.86146,-66.11193,Nova Scotia,Yarmouth Municipal District,,,,CAD,84,110,420,550,0.161,2,5,26,0,1,1,4,1/15/19,100,FALSE,,Moderate - Free cancellation for 48 hours,,,,,,,82,2292,573,After 1PM,11AM,1,0,23,TRUE,,30675765,221737712,https://www.airbnb.com/rooms/30675765,https://a0.muscache.com/im/pictures/5d20c5a4-bdf1-4211-9997-b7284c8d384e.jpg?aki_policy=x_large,,,,
ab-31828946,‘Oceanspray Beach House’ Yarmouth NS Bay of Fundy!,House,Private room,1/27/19,5-20-19,Canada,43.87944,-66.15973,Nova Scotia,Yarmouth Municipal District,,,,CAD,68.19,90.74,1841,2450,0.225,12,27,93,0,1,1,2,5/18/19,100,FALSE,,Moderate - Free cancellation for 48 hours,,,15,20,,,75,2519,630,3PM - 12AM (midnight),,1,7,25,TRUE,5,31828946,238533098,https://www.airbnb.com/rooms/31828946,https://a0.muscache.com/im/pictures/23e18f60-2823-4d70-b184-19265bace0d2.jpg?aki_policy=x_large,,,,
ab-27833148,"Premium overnight rentals  in Yarmouth Town ,NS.",Serviced apartment,Entire home/apt,8/18/18,5-22-19,Canada,43.82264,-66.0993,Nova Scotia,Yarmouth,,,,CAD,86.3,113.45,3970,5219,0.204,22,46,179,20,1,1,5,5/14/19,90,TRUE,,Flexible - Free cancellation for 48 hours,,,19,25,11,15,90,3135,784,After 3PM,12PM (noon),1,17,8,TRUE,5,27833148,167753151,https://www.airbnb.com/rooms/27833148,https://a0.muscache.com/im/pictures/22ab8a5c-e337-4c50-9c59-8ec528cc1337.jpg?aki_policy=x_large,,,,
ab-27081372,Cozy Cottage with Lake Access,Cabin,Entire home/apt,7/21/18,10-9-18,Canada,43.85508117,-66.11930606,Nova Scotia,Yarmouth Municipal District,,,,CAD,84.68,110,3980,5170,0.855,18,47,8,36,2,1,4,9/20/18,100,TRUE,,Moderate - Free cancellation for 48 hours,,,,,,,85,2374,594,After 3PM,11AM,1,14,22,TRUE,5,27081372,54905158,https://www.airbnb.com/rooms/27081372,https://a0.muscache.com/im/pictures/a5145b79-9427-4a54-a53a-f65fb3f1d8b7.jpg?aki_policy=x_large,,,,
ab-26259463,Sunset Bluff Waterfront House,House,Entire home/apt,6/28/18,5-23-19,Canada,43.95142,-66.15854,Nova Scotia,Yarmouth Municipal District,,,,CAD,161.62,210,7758,10080,0.774,3,48,14,0,3,3,6,4/11/19,100,FALSE,FALSE,Strict - Free cancellation for 48 hours,375,500,,,,,158,4410,1103,3PM - 7PM,10AM,7,6,12,TRUE,,26259463,168950024,https://www.airbnb.com/rooms/26259463,https://a0.muscache.com/im/pictures/59ffca00-ad0c-47ba-bd18-1b7bbffdee05.jpg?aki_policy=x_large,119023,,https://www.homeaway.com/vacation-rental/p119023,https://odis.homeaway.com/odis/listing/3d516533-cb39-4f16-9f45-585d610c780c.c10.jpg
ab-24559944,New Studio Unit in Restored Victorian Cottage,Apartment,Entire home/apt,6/29/18,5-21-19,Canada,43.83072,-66.11725,Nova Scotia,Yarmouth,,,,CAD,71.73,94.31,8034,10563,0.393,67,112,173,19,0,1,2,4/10/19,100,TRUE,,Moderate - Free cancellation for 48 hours,,,15,20,,,86,1982,496,After 2PM,11AM,1,102,6,TRUE,5,24559944,185552962,https://www.airbnb.com/rooms/24559944,https://a0.muscache.com/im/pictures/b0f6a171-2cd5-4db4-872e-a1b577716c65.jpg?aki_policy=x_large,,,,
ab-29778114,Quiet Home in Professional Neighborhood,House,Entire home/apt,12/24/18,1-11-19,Canada,43.85526496,-66.11002402,Nova Scotia,Yarmouth,,,,CAD,113,149,226,298,0.065,1,2,29,0,4,2,8,12/14/18,,FALSE,,Flexible - Free cancellation for 48 hours,,,,,,,112,3128,782,3PM - 2AM (next day),,1,0,10,TRUE,,29778114,157681951,https://www.airbnb.com/rooms/29778114,https://a0.muscache.com/im/pictures/ad290b92-8c28-4d0d-8b26-f293d632ab66.jpg?aki_policy=x_large,,,,
ab-27879435,"Pet Friendly,sleeps 5, newPremium suites Yar,NS",Serviced apartment,Entire home/apt,8/22/18,5-22-19,Canada,43.82423,-66.09965,Nova Scotia,Yarmouth,,,,CAD,81.57,108.12,4976,6595,0.302,22,61,141,10,1,1,5,5/14/19,90,TRUE,,Flexible - Free cancellation for 48 hours,,,19,25,9,12,94,3193,798,Flexible,12PM (noon),1,16,23,TRUE,4.8,27879435,167753151,https://www.airbnb.com/rooms/27879435,https://a0.muscache.com/im/pictures/22ab8a5c-e337-4c50-9c59-8ec528cc1337.jpg?aki_policy=x_large,,,,
ab-24655692,"Sun-filled, quiet, lakefront apartment",Apartment,Entire home/apt,6/29/18,5-25-19,Canada,43.86423,-66.1182,Nova Scotia,Yarmouth Municipal District,,,,CAD,92.67,120.98,6765,8832,0.598,7,73,49,1,1,1,3,5/3/19,100,TRUE,,Strict - Free cancellation for 48 hours,749,1000,26,35,7,10,112,2412,603,Flexible,,6,3,13,TRUE,4.7,24655692,2770683,https://www.airbnb.com/rooms/24655692,https://a0.muscache.com/im/pictures/9ec51902-4e5e-4263-8df6-e4a7eb5c4cd4.jpg?aki_policy=x_large,,,,
ab-27162734,"Lakefront Cottage, 6min from Yarmouth.",Cottage,Entire home/apt,7/24/18,5-22-19,Canada,43.8803,-66.01065,Nova Scotia,Yarmouth Municipal District,,,,CAD,96.03,125.67,9411,12316,0.883,29,98,13,72,2,1,6,5/7/19,100,FALSE,,Moderate - Free cancellation for 48 hours,,,15,20,,,115,2816,704,After 3PM,11AM,1,23,18,TRUE,5,27162734,204513362,https://www.airbnb.com/rooms/27162734,https://a0.muscache.com/im/pictures/d779e258-0a8f-46b3-b2c4-0da0f5f339e3.jpg?aki_policy=x_large,,,,
ab-33197124,Enjoy the sandy beach at The Cape Cottage,Cottage,Entire home/apt,3/30/19,5-23-19,Canada,43.80412,-66.16028,Nova Scotia,Yarmouth Municipal District,,,,CAD,,,0,0,,0,,,,1,1,2,5/5/19,100,FALSE,,Moderate - Free cancellation for 48 hours,,,,,,,149,4181,1045,12PM (noon) - 9PM,,2,0,18,TRUE,,33197124,89581058,https://www.airbnb.com/rooms/33197124,https://a0.muscache.com/im/pictures/e3bd674f-5f14-4039-adf1-da961c4915bc.jpg?aki_policy=x_large,,,,
ab-33217542,Cora’s Guest House,Apartment,Entire home/apt,4/1/19,5-21-19,Canada,43.86649,-66.11597,Nova Scotia,Yarmouth Municipal District,,,,CAD,119,159,833,1113,0.233,1,7,23,1,3,1,3,3/20/19,100,FALSE,,Flexible - Free cancellation for 48 hours,,,,,,,,,,Flexible,3PM,1,0,8,TRUE,,33217542,250096051,https://www.airbnb.com/rooms/33217542,https://a0.muscache.com/im/pictures/db4c19ae-f5c4-4675-82e3-66e776c73c66.jpg?aki_policy=x_large,,,,
ab-27976408,Forest Glen Bunkie. Try New experience 2019,Campsite,Entire home/apt,8/25/18,5-23-19,Canada,44.0842,-65.90948,Nova Scotia,Yarmouth Municipal District,,,,CAD,,,0,0,,0,,,,0,1,2,4/21/19,100,TRUE,,Flexible - Free cancellation for 48 hours,,,,,,,30,840,210,12PM (noon) - 8PM,,1,0,5,TRUE,,27976408,156118385,https://www.airbnb.com/rooms/27976408,https://a0.muscache.com/im/pictures/ddcdcd27-f15f-4803-9e15-779d2040c086.jpg?aki_policy=x_large,,,,
ab-29901088,Idle Hour Air B n B Centrally located.,Apartment,Entire home/apt,11/14/18,5-22-19,Canada,43.83941,-66.11703,Nova Scotia,Yarmouth,,,,CAD,63.59,84.83,1399,1866,0.244,14,22,68,30,1,1,5,4/29/19,100,TRUE,,Moderate - Free cancellation for 48 hours,,,7,10,11,15,71,1650,413,After 3PM,11AM,2,8,20,TRUE,5,29901088,221775323,https://www.airbnb.com/rooms/29901088,https://a0.muscache.com/im/pictures/1c2aeb65-8126-465d-b18b-3b1e26b6aeda.jpg?aki_policy=x_large,,,,
ab-32183918,Modern space that's everything you need and more!,Apartment,Entire home/apt,3/25/19,5-24-19,Canada,43.84747,-66.11235,Nova Scotia,Yarmouth,,,,CAD,63.4,84.85,1268,1697,0.339,11,20,39,2,2,1.5,6,5/13/19,100,TRUE,,Flexible - Free cancellation for 48 hours,,,,,,,,,,After 3PM,11AM,1,11,16,TRUE,5,32183918,190831215,https://www.airbnb.com/rooms/32183918,https://a0.muscache.com/im/pictures/53981029-01e0-4f7f-8cd7-829ee28e930c.jpg?aki_policy=x_large,,,,
ab-27236785,Private Lakeside Cottage in Yarmouth,Cottage,Entire home/apt,7/28/18,5-21-19,Canada,43.92338,-66.00461,Nova Scotia,Yarmouth Municipal District,,,,CAD,61.77,80.31,4015,5220,0.439,33,65,83,32,2,1,5,5/5/19,100,FALSE,,Moderate - Free cancellation for 48 hours,,,22,30,19,25,71,1882,471,Flexible,11AM,1,28,11,TRUE,4.8,27236785,176844806,https://www.airbnb.com/rooms/27236785,https://a0.muscache.com/im/pictures/b7d3d96a-f086-4b4e-9851-0081b792f7cf.jpg?aki_policy=x_large,,,,
ab-33327399,Nautical Airbnb,Apartment,Entire home/apt,5/20/19,5-24-19,Canada,43.84943,-66.11441,Nova Scotia,Yarmouth,,,,CAD,,,,,,,,,,1,1,4,5/16/19,100,FALSE,,Flexible - Free cancellation for 48 hours,,,,,,,,,,After 3PM,11AM,2,0,6,TRUE,,33327399,251055305,https://www.airbnb.com/rooms/33327399,https://a0.muscache.com/im/pictures/12877e7b-e4b8-4057-8028-9f7d4f5a4644.jpg?aki_policy=x_large,,,,
ab-23143736,The Olde Farmhouse,House,Entire home/apt,2/9/18,5-24-19,Canada,43.83216,-66.03488,Nova Scotia,Yarmouth Municipal District,,,,CAD,89.94,117.79,16908,22145,0.783,31,188,52,35,2,1.5,4,4/24/19,100,FALSE,,Moderate - Free cancellation for 48 hours,,,,,,,82,2309,577,3PM - 11PM,11AM,2,19,13,TRUE,5,23143736,171767660,https://www.airbnb.com/rooms/23143736,https://a0.muscache.com/im/pictures/1f65b4ea-e199-4081-84ca-f5ac1bb2e54e.jpg?aki_policy=x_large,,,,
ab-26447855,TOWNE VIEW,Guest suite,Entire home/apt,8/14/18,5-21-19,Canada,43.83974,-66.11842,Nova Scotia,Yarmouth,,,,CAD,70.61,93.29,6002,7930,0.417,40,85,119,69,1,1,2,5/17/19,100,FALSE,,Flexible - Free cancellation for 48 hours,113,150,,,,,68,1892,473,3PM - 10PM,11AM,1,35,23,TRUE,5,26447855,198869086,https://www.airbnb.com/rooms/26447855,https://a0.muscache.com/im/pictures/18e9c92f-aace-4f5c-98d6-c8663ce4f2ed.jpg?aki_policy=x_large,,,,
ab-28069303,Eleanor Autumn House,House,Private room,9/25/18,3-4-19,Canada,43.83694,-66.11863,Nova Scotia,Yarmouth,,,,CAD,83.32,110,3916,5170,0.662,11,47,24,52,1,1,2,12/21/18,100,FALSE,,Flexible - Free cancellation for 48 hours,,,,,,,83,2326,581,1PM - 5PM,,1,0,6,TRUE,,28069303,211936603,https://www.airbnb.com/rooms/28069303,https://a0.muscache.com/im/pictures/74911ded-6718-4444-84f8-739068e9200d.jpg?aki_policy=x_large,,,,
ab-24865362,Explorers Bachelor pad,Apartment,Entire home/apt,5/7/18,5-2-19,Canada,43.84341,-66.11789,Nova Scotia,Yarmouth,,,,CAD,42.88,56.48,7719,10167,0.557,47,180,143,11,1,1,2,3/11/19,100,FALSE,,Flexible - Free cancellation for 48 hours,,,,,,,41,1405,351,After 3PM,10AM,2,21,8,TRUE,4.3,24865362,4666888,https://www.airbnb.com/rooms/24865362,https://a0.muscache.com/im/pictures/c9c60115-28ae-4055-9ef9-fafeb367f946.jpg?aki_policy=x_large,,,,
ab-24868010,Harbour view suite,Apartment,Entire home/apt,5/7/18,5-24-19,Canada,43.84225,-66.11896,Nova Scotia,Yarmouth,,,,CAD,54.92,71.03,3899,5043,0.483,13,71,76,6,1,1,4,5/8/19,100,FALSE,,Flexible - Free cancellation for 48 hours,,,,,,,52,1568,392,After 3PM,10AM,5,7,10,TRUE,3.5,24868010,4666888,https://www.airbnb.com/rooms/24868010,https://a0.muscache.com/im/pictures/07b25acb-681e-4f4b-ad87-702b1c69424f.jpg?aki_policy=x_large,,,,
ab-27387051,Charming lakeside home,House,Entire home/apt,8/6/18,8-13-18,Canada,43.92866719,-65.9029134,Nova Scotia,Yarmouth Municipal District,,,,CAD,,,0,0,,0,,,,2,2,4,8/4/18,100,TRUE,,Flexible policy –  Free cancellation within 48 hours,,,,,,,54,1508,377,1PM - 9PM,,31,0,7,TRUE,,27387051,3254670,https://www.airbnb.com/rooms/27387051,https://a0.muscache.com/im/pictures/89df1d1b-4389-4f62-b693-ba64c87de638.jpg?aki_policy=x_large,,,,
ab-27398474,Yarmouth,Hostel,Private room,8/3/18,8-19-18,Canada,43.86673222,-66.10953524,Nova Scotia,Yarmouth Municipal District,,,,CAD,102.43,133.47,717,934,0.25,3,7,21,3,1,1,2,8/19/18,,FALSE,,Moderate - Free cancellation for 48 hours,,,8,10,,,121,3173,793,2PM - 10PM,12PM (noon),1,2,54,TRUE,3,27398474,206478197,https://www.airbnb.com/rooms/27398474,https://a0.muscache.com/im/pictures/65d5eb53-8bf2-48d9-a0c0-90ab6786fea5.jpg?aki_policy=x_large,,,,
ab-33554881,"PET  FRIENDLY, affordable newly constructed 630 sf",Serviced apartment,Entire home/apt,4/6/19,5-22-19,Canada,43.8225,-66.09909,Nova Scotia,Yarmouth,,,,CAD,,,0,0,,0,,,,1,1,3,5/14/19,90,TRUE,,Flexible - Free cancellation for 48 hours,,,,,,,,,,3PM - 1AM (next day),,1,0,19,TRUE,,33554881,167753151,https://www.airbnb.com/rooms/33554881,https://a0.muscache.com/im/pictures/7c7b2161-d347-43ea-96bd-853fe9c63f9d.jpg?aki_policy=x_large,,,,
ab-33556538,"Pet Friendly, high quality affordable suites",Serviced apartment,Entire home/apt,4/15/19,5-24-19,Canada,43.82158,-66.09557,Nova Scotia,Yarmouth,,,,CAD,,,0,0,,0,,,,1,1,3,5/14/19,90,TRUE,,Flexible - Free cancellation for 48 hours,,,,,,,,,,After 3PM,,1,0,19,TRUE,,33556538,167753151,https://www.airbnb.com/rooms/33556538,https://a0.muscache.com/im/pictures/7c7b2161-d347-43ea-96bd-853fe9c63f9d.jpg?aki_policy=x_large,,,,
ab-33556724,"Pet Friendly,new 630sqft,luxury units,sleeps 5",Serviced apartment,Entire home/apt,4/15/19,5-24-19,Canada,43.82203,-66.09605,Nova Scotia,Yarmouth,,,,CAD,,,0,0,,0,,,,1,1,3,5/14/19,90,TRUE,,Flexible - Free cancellation for 48 hours,,,,,,,,,,After 3PM,,1,0,19,TRUE,,33556724,167753151,https://www.airbnb.com/rooms/33556724,https://a0.muscache.com/im/pictures/7c7b2161-d347-43ea-96bd-853fe9c63f9d.jpg?aki_policy=x_large,,,,
ab-33556945,"Pet Friendly,luxury units,acid stained concrete",Serviced apartment,Entire home/apt,4/15/19,5-21-19,Canada,43.82128,-66.09581,Nova Scotia,Yarmouth,,,,CAD,,,0,0,,0,,,,1,1,3,5/14/19,90,TRUE,,Flexible - Free cancellation for 48 hours,,,,,,,,,,After 3PM,,1,0,18,TRUE,,33556945,167753151,https://www.airbnb.com/rooms/33556945,https://a0.muscache.com/im/pictures/fd827be2-577f-40ce-8470-1ee0b86f3c32.jpg?aki_policy=x_large,,,,
ab-33557019,"Unbelievably Affordable new suites,630 sq ft,5apli",Serviced apartment,Entire home/apt,4/6/19,5-22-19,Canada,43.82257,-66.09751,Nova Scotia,Yarmouth,,,,USD,,,0,0,,0,,,,1,1,5,5/14/19,90,TRUE,,Flexible - Free cancellation for 48 hours,,,,,,,,,,3PM - 11PM,12PM (noon),1,0,19,TRUE,,33557019,167753151,https://www.airbnb.com/rooms/33557019,https://a0.muscache.com/im/pictures/22ab8a5c-e337-4c50-9c59-8ec528cc1337.jpg?aki_policy=x_large,,,,
ab-33557481,Unblievable affordable units that sleep 5-Pets ok,Serviced apartment,Entire home/apt,4/15/19,5-24-19,Canada,43.82296,-66.09612,Nova Scotia,Yarmouth,,,,USD,,,0,0,,0,,,,1,1,5,5/14/19,90,TRUE,,Flexible - Free cancellation for 48 hours,,,,,,,,,,After 3PM,12PM (noon),1,0,19,TRUE,,33557481,167753151,https://www.airbnb.com/rooms/33557481,https://a0.muscache.com/im/pictures/22ab8a5c-e337-4c50-9c59-8ec528cc1337.jpg?aki_policy=x_large,,,,
ab-33558027,"Pets OK,Best Value,Best Quality Suites,sleeps 5",Serviced apartment,Entire home/apt,4/15/19,5-24-19,Canada,43.82119,-66.09572,Nova Scotia,Yarmouth Municipal District,,,,CAD,,,0,0,,0,,,,1,1,3,5/14/19,90,TRUE,,Flexible - Free cancellation for 48 hours,,,,,,,,,,After 3PM,,1,0,19,TRUE,,33558027,167753151,https://www.airbnb.com/rooms/33558027,https://a0.muscache.com/im/pictures/7c7b2161-d347-43ea-96bd-853fe9c63f9d.jpg?aki_policy=x_large,,,,
ab-33558298,"Pets OK,Best Quality,Best Value,Sleeps 5,75""TVWifi",Serviced apartment,Entire home/apt,4/15/19,5-24-19,Canada,43.82259,-66.09728,Nova Scotia,Yarmouth,,,,CAD,,,0,0,,0,,,,1,1,5,5/14/19,90,TRUE,,Flexible - Free cancellation for 48 hours,,,,,,,,,,After 3PM,12PM (noon),1,0,19,TRUE,,33558298,167753151,https://www.airbnb.com/rooms/33558298,https://a0.muscache.com/im/pictures/22ab8a5c-e337-4c50-9c59-8ec528cc1337.jpg?aki_policy=x_large,,,,
ab-30233026,Maggies  in Yarmouth,Apartment,Entire home/apt,12/3/18,5-24-19,Canada,43.82873,-66.11857,Nova Scotia,Yarmouth,,,,CAD,73.31,97.04,1173,1553,0.132,6,16,105,0,1,1,2,5/8/19,100,FALSE,,Strict - Free cancellation for 48 hours,,,26,35,26,35,89,2271,568,After 3PM,12PM (noon),2,3,42,TRUE,5,30233026,50007179,https://www.airbnb.com/rooms/30233026,https://a0.muscache.com/im/pictures/b8e3d83b-1b00-4c18-9da4-5848803b0334.jpg?aki_policy=x_large,,,,
ab-34605481,Green Grass of Home Self contained RV Parking,Campsite,Entire home/apt,5/20/19,5-24-19,Canada,43.77839,-66.10327,Nova Scotia,Yarmouth Municipal District,,,,CAD,,,,,,,,,,,0,3,5/11/19,80,FALSE,,Flexible - Free cancellation for 48 hours,,,,,,,,,,After 3PM,12PM (noon),1,0,16,TRUE,,34605481,25690782,https://www.airbnb.com/rooms/34605481,https://a0.muscache.com/im/pictures/62ca1d97-85ea-4a34-92c1-76001f3e94bf.jpg?aki_policy=x_large,,,,
ab-31260699,Pleasantlake Inn,House,Private room,1/28/19,5-22-19,Canada,43.83388,-66.03164,Nova Scotia,Yarmouth Municipal District,,,,CAD,75,100,225,300,0.034,3,3,86,0,1,1,2,4/4/19,100,FALSE,,Flexible - Free cancellation for 48 hours,,,,,,,75,2613,653,After 2PM,11AM,1,0,9,TRUE,,31260699,233900660,https://www.airbnb.com/rooms/31260699,https://a0.muscache.com/im/pictures/8f1cf318-23ec-432b-9c2f-44ae91c74dbe.jpg?aki_policy=x_large,,,,
ab-27418944,RV Parking at the Green Green Grass of Home.,Campsite,Entire home/apt,8/2/18,5-24-19,Canada,43.77841,-66.10339,Nova Scotia,Yarmouth Municipal District,,,,CAD,21,27.5,42,55,0.032,2,2,60,0,0,0,3,8/1/18,80,FALSE,,Flexible - Free cancellation for 48 hours,,,,,,,19,523,131,Flexible,12PM (noon),1,2,16,TRUE,4.5,27418944,25690782,https://www.airbnb.com/rooms/27418944,https://a0.muscache.com/im/pictures/62ca1d97-85ea-4a34-92c1-76001f3e94bf.jpg?aki_policy=x_large,,,,
ab-29091568,Cora and Mikes BNB,House,Private room,10/8/18,2-17-19,Canada,43.86699268,-66.11752651,Nova Scotia,Yarmouth Municipal District,,,,CAD,77.4,101.85,2709,3565,0.603,4,35,23,3,6,3,6,12/12/18,75,FALSE,,Flexible - Free cancellation for 48 hours,,,19,25,,,93,2090,522,After 3PM,,1,0,4,TRUE,,29091568,219159682,https://www.airbnb.com/rooms/29091568,https://a0.muscache.com/im/pictures/c066d42d-7de4-416a-a1d6-daced8fffe0a.jpg?aki_policy=x_large,,,,
ab-32642298,"LightKeepers Cottage, Cape Forchu. 10min to ferry!",Cottage,Entire home/apt,3/2/19,5-24-19,Canada,43.796,-66.15456,Nova Scotia,Yarmouth Municipal District,,,,CAD,148.58,198.35,1783,2380,0.148,4,12,69,8,3,1.5,6,5/6/19,100,FALSE,,Moderate - Free cancellation for 48 hours,,,30,40,15,20,167,3711,928,3PM - 12AM (midnight),11AM,2,1,18,TRUE,5,32642298,238533098,https://www.airbnb.com/rooms/32642298,https://a0.muscache.com/im/pictures/673ea303-77aa-414f-b314-42c314969be3.jpg?aki_policy=x_large,,,,
ha-320903vb,"Large Historic Home - 4 bedroom, 3 1/2 Baths - on Main Street near Ferry   ",House,Entire home/apt,,10-18-17,Canada,43.82439041,-66.12289429,Nova Scotia,Yarmouth,,,,,210,,25620,,0.992,2,122,1,0,4,3.5,8,8/25/17,100,,,[],350,,,,,,210,,,,,3,15,3,FALSE,100,,,,,320903vb,,https://www.homeaway.com/vacation-rental/p320903vb,https://imagesus-ssl.homeaway.com/mda01/780d9195-6e13-447d-93b5-474dd9cfecbb.1.10
ha-353738vb,Huge Historic house - 6 Bedroom/6 1/2 Baths - Near Ferry,House,Entire home/apt,,1-19-19,Canada,43.82598114,-66.11754608,Nova Scotia,Yarmouth,,,,,324.32,,23351,,0.486,7,72,76,5,6,6.5,14,1/18/19,80,,FALSE,"{""policy"": ""UNDEFINED"", ""policyPeriods"": [{""limitedTo"": 7, ""refundPercent"": 50}, {""limitedTo"": 14, ""refundPercent"": 100}]}",350,,150,,,,255,,,,,3,9,23,FALSE,100,,,,,353738vb,,https://www.homeaway.com/vacation-rental/p353738vb,https://odis.homeaway.com/odis/listing/b6936790-9279-4f4f-8c5d-39fa37a9f1a0.c10.jpg
ha-364805vb,Oceanside 5BR House on the Bay of Fundy. Spectacular Views!   ,House,Entire home/apt,,6-8-17,Canada,43.92431259,-66.11893463,Nova Scotia,Yarmouth Municipal District,,,,,,,0,,,0,,,,5,1.5,9,11/4/15,30,,,[],,,,,,,143,,,,,0,2,3,FALSE,100,,,,,364805vb,,https://www.homeaway.com/vacation-rental/p364805vb,https://imagesus-ssl.homeaway.com/mda01/f607d70c-8919-4c59-be76-c5f42b1a3d43.1.10
ha-4478965,"Connect With Nature At Spindle Inn located 25 km from yarmouth, Nova Scotia ",Apartment,Entire home/apt,,5-9-19,Canada,43.94721977,-65.88905404,Nova Scotia,Yarmouth Municipal District,,,,,119.96,,2879,,0.393,2,24,37,0,2,2,5,4/16/19,80,,FALSE,"{""policy"": ""UNDEFINED"", ""policyPeriods"": [{""limitedTo"": 7, ""refundPercent"": 50}, {""limitedTo"": 14, ""refundPercent"": 100}]}",,,,,,,131,,,,,2,3,23,TRUE,100,,,,,4478965,,https://www.homeaway.com/vacation-rental/p4478965,https://odis.homeaway.com/odis/listing/362fe4ad-fa22-4d6a-83b6-f65fbc3ac449.c10.jpg
ha-7612798,"Shangri-La, country lot, hummingbirds, monach butterflies",House,Entire home/apt,,5-20-19,Canada,43.98157518,-66.12991176,Nova Scotia,Yarmouth Municipal District,,,,,,,0,,,0,,,,2,1,4,2/20/19,,,FALSE,"{""policy"": ""UNDEFINED"", ""policyPeriods"": [{""limitedTo"": 7, ""refundPercent"": 50}, {""limitedTo"": 14, ""refundPercent"": 100}]}",,,37,,,,167,,,,,,0,15,FALSE,,,,,,7612798,,https://www.homeaway.com/vacation-rental/p7612798,https://odis.homeaway.com/odis/listing/3623f2ad-9ea5-4816-b2f3-3346cb485b0a.c10.jpg
ha-3913752,"Large cottage on crystal clear, Kemptback Lake   ",Cottage,Entire home/apt,,5-2-18,Canada,44.0583891,-65.8586617,Nova Scotia,Yarmouth Municipal District,,,,,144.4,,18194,,0.677,14,126,60,26,4,1,12,4/1/18,90,,FALSE,"[{""limitedTo"": 7, ""refundPercent"": 50}, {""limitedTo"": 14, ""refundPercent"": 100}]",194,,35,,,,97,,,,,2,6,24,FALSE,80,,,,,3913752,,https://www.homeaway.com/vacation-rental/p3913752,https://imagesus-ssl.homeaway.com/mda01/587651e0-3edd-4a21-80d1-8fcfcdfb4a98.1.10
ha-1073879vb,Get away from it all - Beach vacation on the Bay of Fundy,House,Entire home/apt,,5-21-19,Canada,43.9814974,-66.1489279,Nova Scotia,Yarmouth Municipal District,,,,,195.17,,16979,,0.897,3,87,10,26,4,1.5,8,4/27/19,90,,FALSE,"{""policy"": ""UNDEFINED"", ""policyPeriods"": [{""limitedTo"": 14, ""refundPercent"": 50}, {""limitedTo"": 30, ""refundPercent"": 100}]}",447,,89,,,,159,,,,,6,2,24,FALSE,100,,,,,1073879vb,,https://www.homeaway.com/vacation-rental/p1073879vb,https://odis.homeaway.com/odis/listing/346c9685-e85b-4858-842c-bcfa51000099.c10.jpg
ha-4592492,Rodd Grand Yarmouth Hotel,Hotel,Entire home/apt,,5-13-19,Canada,43.83945,-66.11924,Nova Scotia,Yarmouth,,,,,,,0,,,0,,,,0,1,5,4/19/19,,,FALSE,"{""policy"": ""UNDEFINED"", ""policyPeriods"": []}",,,,,,,161,,,,,,0,34,TRUE,,,,,,4592492,,https://www.homeaway.com/vacation-rental/p4592492,https://odis.homeaway.com/odis/listing/3f44c3c5-52d6-496e-af23-7b56ef451b82.c10.jpg
ha-4791458,The magic is in the Illusion of Seclusion.,Cottage,Entire home/apt,,10-10-18,Canada,43.9082326,-66.1233241,Nova Scotia,Yarmouth Municipal District,,,,,228,,1596,,0.226,0,7,24,0,2,1,4,7/28/18,,,FALSE,"{""policy"": ""UNDEFINED"", ""policyPeriods"": [{""limitedTo"": 14, ""refundPercent"": 50}, {""limitedTo"": 30, ""refundPercent"": 100}]}",,,,,,,221,,,,,4,0,34,FALSE,,,,,,4791458,,https://www.homeaway.com/vacation-rental/p4791458,https://odis.homeaway.com/odis/listing/6024c702-888d-4859-8b72-0ca518e73fb9.c10.jpg
ha-4148147,2 Bdrm Cottage - Yarmouth/Port Maitland,Cottage,Entire home/apt,,5-20-19,Canada,43.9798322,-66.1315446,Nova Scotia,Yarmouth Municipal District,,,,,,,0,,,0,,,,2,1,6,5/20/19,,,FALSE,"{""policy"": ""UNDEFINED"", ""policyPeriods"": [{""limitedTo"": 0, ""refundPercent"": 0}]}",,,,,,,137,,,,,0,0,12,FALSE,,,,,,4148147,CanadaStays-970970w,https://www.homeaway.com/vacation-rental/p4148147,https://odis.homeaway.com/odis/listing/77d35dc1-e2d4-43d6-be56-c898908e3a85.c10.jpg
ha-1418378vb,Cottage Yarmouth,Cottage,Entire home/apt,,5-16-19,Canada,43.97756458,-66.12928372,Nova Scotia,Yarmouth Municipal District,,,,,277.44,,2497,,0.3,1,9,21,0,2,1,4,5/11/19,,,FALSE,"{""policy"": ""UNDEFINED"", ""policyPeriods"": [{""limitedTo"": 0, ""refundPercent"": 0}]}",200,,50,,,,83,,,,,,0,15,FALSE,,,,,,1418378vb,,https://www.homeaway.com/vacation-rental/p1418378vb,https://odis.homeaway.com/odis/listing/75f6fbf5-dda5-4dfb-8626-7e5ca8642aec.c10.jpg
